{
  "annotations": {
    "list": [
      {
        "builtIn": 1,
        "datasource": {
          "type": "datasource",
          "uid": "grafana"
        },
        "enable": true,
        "hide": true,
        "iconColor": "rgba(0, 211, 255, 1)",
        "name": "Annotations & Alerts",
        "target": {
          "limit": 100,
          "matchAny": false,
          "tags": [],
          "type": "dashboard"
        },
        "type": "dashboard"
      }
    ]
  },
  "editable": false,
  "fiscalYearStartMonth": 0,
  "graphTooltip": 1,
  "id": 6,
  "links": [
    {
      "asDropdown": true,
      "icon": "external link",
      "includeVars": true,
      "keepTime": true,
      "tags": [
        "cdot"
      ],
      "targetBlank": false,
      "title": "Related Dashboards",
      "tooltip": "",
      "type": "dashboards",
      "url": ""
    }
  ],
  "panels": [
    {
      "collapsed": true,
      "gridPos": {
        "h": 1,
        "w": 24,
        "x": 0,
        "y": 0
      },
      "id": 225,
      "panels": [
        {
          "datasource": {
            "type": "prometheus",
            "uid": "prometheus"
          },
          "description": "Number of CIFS operations per second.",
          "fieldConfig": {
            "defaults": {
              "color": {
                "mode": "palette-classic"
              },
              "custom": {
                "axisBorderShow": false,
                "axisCenteredZero": false,
                "axisColorMode": "text",
                "axisLabel": "",
                "axisPlacement": "auto",
                "barAlignment": 0,
                "barWidthFactor": 0.6,
                "drawStyle": "line",
                "fillOpacity": 10,
                "gradientMode": "none",
                "hideFrom": {
                  "legend": false,
                  "tooltip": false,
                  "viz": false
                },
                "insertNulls": false,
                "lineInterpolation": "linear",
                "lineWidth": 1,
                "pointSize": 5,
                "scaleDistribution": {
                  "type": "linear"
                },
                "showPoints": "auto",
                "spanNulls": true,
                "stacking": {
                  "group": "A",
                  "mode": "none"
                },
                "thresholdsStyle": {
                  "mode": "off"
                }
              },
              "decimals": 0,
              "mappings": [],
              "thresholds": {
                "mode": "absolute",
                "steps": [
                  {
                    "color": "green",
                    "value": null
                  },
                  {
                    "color": "red",
                    "value": 80
                  }
                ]
              },
              "unit": "iops"
            },
            "overrides": []
          },
          "gridPos": {
            "h": 8,
            "w": 8,
            "x": 0,
            "y": 1
          },
          "id": 239,
          "options": {
            "legend": {
              "calcs": [
                "mean",
                "lastNotNull",
                "max"
              ],
              "displayMode": "table",
              "placement": "bottom",
              "showLegend": true
            },
            "tooltip": {
              "mode": "single",
              "sort": "none"
            }
          },
          "pluginVersion": "11.3.0",
          "targets": [
            {
              "datasource": {
                "type": "prometheus",
                "uid": "prometheus"
              },
              "exemplar": false,
              "expr": "sum by (cluster) (node_cifs_ops{datacenter=~\"$Datacenter\",cluster=~\"$Cluster\"})\nand\ntopk($TopResources, sum by (cluster) (avg_over_time(node_cifs_ops{datacenter=~\"$Datacenter\",cluster=~\"$Cluster\"}[3h] @ end())))",
              "interval": "",
              "legendFormat": "{{cluster}}",
              "refId": "A"
            }
          ],
          "title": "Top $TopResources CIFS IOPs by Cluster",
          "type": "timeseries"
        },
        {
          "datasource": {
            "type": "prometheus",
            "uid": "prometheus"
          },
          "description": "Number of NFS operations per second.",
          "fieldConfig": {
            "defaults": {
              "color": {
                "mode": "palette-classic"
              },
              "custom": {
                "axisBorderShow": false,
                "axisCenteredZero": false,
                "axisColorMode": "text",
                "axisLabel": "",
                "axisPlacement": "auto",
                "barAlignment": 0,
                "barWidthFactor": 0.6,
                "drawStyle": "line",
                "fillOpacity": 10,
                "gradientMode": "none",
                "hideFrom": {
                  "legend": false,
                  "tooltip": false,
                  "viz": false
                },
                "insertNulls": false,
                "lineInterpolation": "linear",
                "lineWidth": 1,
                "pointSize": 5,
                "scaleDistribution": {
                  "type": "linear"
                },
                "showPoints": "auto",
                "spanNulls": true,
                "stacking": {
                  "group": "A",
                  "mode": "none"
                },
                "thresholdsStyle": {
                  "mode": "off"
                }
              },
              "decimals": 0,
              "mappings": [],
              "thresholds": {
                "mode": "absolute",
                "steps": [
                  {
                    "color": "green",
                    "value": null
                  },
                  {
                    "color": "red",
                    "value": 80
                  }
                ]
              },
              "unit": "iops"
            },
            "overrides": []
          },
          "gridPos": {
            "h": 8,
            "w": 8,
            "x": 8,
            "y": 1
          },
          "id": 241,
          "options": {
            "legend": {
              "calcs": [
                "mean",
                "lastNotNull",
                "max"
              ],
              "displayMode": "table",
              "placement": "bottom",
              "showLegend": true
            },
            "tooltip": {
              "mode": "single",
              "sort": "none"
            }
          },
          "pluginVersion": "11.3.0",
          "targets": [
            {
              "datasource": {
                "type": "prometheus",
                "uid": "prometheus"
              },
              "exemplar": false,
              "expr": "sum by (cluster) (node_nfs_ops{datacenter=~\"$Datacenter\",cluster=~\"$Cluster\"})\nand\ntopk($TopResources, sum by (cluster) (avg_over_time(node_nfs_ops{datacenter=~\"$Datacenter\",cluster=~\"$Cluster\"}[3h] @ end())))",
              "interval": "",
              "legendFormat": "{{cluster}}",
              "refId": "A"
            }
          ],
          "title": "Top $TopResources NFS IOPs by Cluster",
          "type": "timeseries"
        },
        {
          "datasource": {
            "type": "prometheus",
            "uid": "prometheus"
          },
          "description": "Number of operations per second serviced by the volume.",
          "fieldConfig": {
            "defaults": {
              "color": {
                "mode": "palette-classic"
              },
              "custom": {
                "axisBorderShow": false,
                "axisCenteredZero": false,
                "axisColorMode": "text",
                "axisLabel": "",
                "axisPlacement": "auto",
                "barAlignment": 0,
                "barWidthFactor": 0.6,
                "drawStyle": "line",
                "fillOpacity": 10,
                "gradientMode": "none",
                "hideFrom": {
                  "legend": false,
                  "tooltip": false,
                  "viz": false
                },
                "insertNulls": false,
                "lineInterpolation": "linear",
                "lineWidth": 1,
                "pointSize": 5,
                "scaleDistribution": {
                  "type": "linear"
                },
                "showPoints": "auto",
                "spanNulls": true,
                "stacking": {
                  "group": "A",
                  "mode": "none"
                },
                "thresholdsStyle": {
                  "mode": "off"
                }
              },
              "decimals": 0,
              "mappings": [],
              "thresholds": {
                "mode": "absolute",
                "steps": [
                  {
                    "color": "green",
                    "value": null
                  },
                  {
                    "color": "red",
                    "value": 80
                  }
                ]
              },
              "unit": "iops"
            },
            "overrides": []
          },
          "gridPos": {
            "h": 8,
            "w": 8,
            "x": 16,
            "y": 1
          },
          "id": 240,
          "options": {
            "legend": {
              "calcs": [
                "mean",
                "lastNotNull",
                "max"
              ],
              "displayMode": "table",
              "placement": "bottom",
              "showLegend": true
            },
            "tooltip": {
              "mode": "single",
              "sort": "none"
            }
          },
          "pluginVersion": "11.3.0",
          "targets": [
            {
              "datasource": {
                "type": "prometheus",
                "uid": "prometheus"
              },
              "exemplar": false,
              "expr": "sum by (cluster) (volume_total_ops{datacenter=~\"$Datacenter\",cluster=~\"$Cluster\"})\nand\ntopk($TopResources, sum by (cluster) (avg_over_time(volume_total_ops{datacenter=~\"$Datacenter\",cluster=~\"$Cluster\"}[3h] @ end())))",
              "interval": "",
              "legendFormat": "{{cluster}}",
              "refId": "A"
            }
          ],
          "title": "Top $TopResources Total IOPs by Cluster",
          "type": "timeseries"
        },
        {
          "datasource": {
            "type": "prometheus",
            "uid": "prometheus"
          },
          "description": "Average processor utilization across all processors in the system.",
          "fieldConfig": {
            "defaults": {
              "color": {
                "mode": "palette-classic"
              },
              "custom": {
                "axisBorderShow": false,
                "axisCenteredZero": false,
                "axisColorMode": "text",
                "axisLabel": "",
                "axisPlacement": "auto",
                "barAlignment": 0,
                "barWidthFactor": 0.6,
                "drawStyle": "line",
                "fillOpacity": 10,
                "gradientMode": "none",
                "hideFrom": {
                  "legend": false,
                  "tooltip": false,
                  "viz": false
                },
                "insertNulls": false,
                "lineInterpolation": "linear",
                "lineWidth": 1,
                "pointSize": 5,
                "scaleDistribution": {
                  "type": "linear"
                },
                "showPoints": "never",
                "spanNulls": true,
                "stacking": {
                  "group": "A",
                  "mode": "none"
                },
                "thresholdsStyle": {
                  "mode": "off"
                }
              },
              "decimals": 2,
              "links": [],
              "mappings": [],
              "max": 100,
              "min": 0,
              "thresholds": {
                "mode": "absolute",
                "steps": [
                  {
                    "color": "green",
                    "value": null
                  },
                  {
                    "color": "red",
                    "value": 80
                  }
                ]
              },
              "unit": "percent"
            },
            "overrides": []
          },
          "gridPos": {
            "h": 10,
            "w": 8,
            "x": 0,
            "y": 9
          },
          "id": 247,
          "options": {
            "legend": {
              "calcs": [
                "mean",
                "lastNotNull",
                "max"
              ],
              "displayMode": "table",
              "placement": "bottom",
              "showLegend": true
            },
            "tooltip": {
              "mode": "single",
              "sort": "none"
            }
          },
          "pluginVersion": "11.3.0",
          "targets": [
            {
              "datasource": {
                "type": "prometheus",
                "uid": "prometheus"
              },
              "exemplar": false,
              "expr": "avg by (cluster) (node_avg_processor_busy{datacenter=~\"$Datacenter\",cluster=~\"$Cluster\"})\nand\ntopk($TopResources, avg by (cluster) (avg_over_time(node_avg_processor_busy{datacenter=~\"$Datacenter\",cluster=~\"$Cluster\"}[3h] @ end())))",
              "format": "time_series",
              "instant": false,
              "interval": "",
              "legendFormat": "{{cluster}}",
              "refId": "A"
            }
          ],
          "title": "Top $TopResources Clusters by Average CPU Utilization",
          "type": "timeseries"
        },
        {
          "datasource": {
            "type": "prometheus",
            "uid": "prometheus"
          },
          "description": "System CPU resource utilization is a computed percentage that indicates how busy the system is based on a combination of the most heavily utilized domain and idle CPU cycles. This metric determines the amount of available CPU and will vary based on domains reaching their limits OR exhausting all idle CPU cycles, whichever comes first.",
          "fieldConfig": {
            "defaults": {
              "color": {
                "mode": "palette-classic"
              },
              "custom": {
                "axisBorderShow": false,
                "axisCenteredZero": false,
                "axisColorMode": "text",
                "axisLabel": "",
                "axisPlacement": "auto",
                "barAlignment": 0,
                "barWidthFactor": 0.6,
                "drawStyle": "line",
                "fillOpacity": 10,
                "gradientMode": "none",
                "hideFrom": {
                  "legend": false,
                  "tooltip": false,
                  "viz": false
                },
                "insertNulls": false,
                "lineInterpolation": "linear",
                "lineWidth": 1,
                "pointSize": 5,
                "scaleDistribution": {
                  "type": "linear"
                },
                "showPoints": "never",
                "spanNulls": true,
                "stacking": {
                  "group": "A",
                  "mode": "none"
                },
                "thresholdsStyle": {
                  "mode": "off"
                }
              },
              "decimals": 2,
              "links": [],
              "mappings": [],
              "max": 100,
              "min": 0,
              "thresholds": {
                "mode": "absolute",
                "steps": [
                  {
                    "color": "green",
                    "value": null
                  },
                  {
                    "color": "red",
                    "value": 80
                  }
                ]
              },
              "unit": "percent"
            },
            "overrides": []
          },
          "gridPos": {
            "h": 10,
            "w": 8,
            "x": 8,
            "y": 9
          },
          "id": 271,
          "options": {
            "legend": {
              "calcs": [
                "mean",
                "lastNotNull",
                "max"
              ],
              "displayMode": "table",
              "placement": "bottom",
              "showLegend": true
            },
            "tooltip": {
              "mode": "single",
              "sort": "none"
            }
          },
          "pluginVersion": "11.3.0",
          "targets": [
            {
              "datasource": {
                "type": "prometheus",
                "uid": "prometheus"
              },
              "exemplar": false,
              "expr": "avg by (cluster) (node_cpu_busy{datacenter=~\"$Datacenter\",cluster=~\"$Cluster\"})\nand\ntopk($TopResources, avg by (cluster) (avg_over_time(node_cpu_busy{datacenter=~\"$Datacenter\",cluster=~\"$Cluster\"}[3h] @ end())))",
              "format": "time_series",
              "instant": false,
              "interval": "",
              "legendFormat": "{{cluster}}",
              "refId": "A"
            }
          ],
          "title": "Top $TopResources Clusters by CPU busy",
          "type": "timeseries"
        },
        {
          "datasource": {
            "type": "prometheus",
            "uid": "prometheus"
          },
          "description": "Average latency in microseconds for the WAFL filesystem to process all the operations on the volume; not including request processing or network communication time. node_volume_avg_latency is [volume_avg_latency](#volume_avg_latency) aggregated by `node`.",
          "fieldConfig": {
            "defaults": {
              "color": {
                "mode": "palette-classic"
              },
              "custom": {
                "axisBorderShow": false,
                "axisCenteredZero": false,
                "axisColorMode": "text",
                "axisLabel": "",
                "axisPlacement": "auto",
                "barAlignment": 0,
                "barWidthFactor": 0.6,
                "drawStyle": "line",
                "fillOpacity": 30,
                "gradientMode": "opacity",
                "hideFrom": {
                  "legend": false,
                  "tooltip": false,
                  "viz": false
                },
                "insertNulls": false,
                "lineInterpolation": "linear",
                "lineWidth": 1,
                "pointSize": 5,
                "scaleDistribution": {
                  "type": "linear"
                },
                "showPoints": "never",
                "spanNulls": true,
                "stacking": {
                  "group": "A",
                  "mode": "none"
                },
                "thresholdsStyle": {
                  "mode": "off"
                }
              },
              "links": [],
              "mappings": [],
              "min": 0,
              "thresholds": {
                "mode": "absolute",
                "steps": [
                  {
                    "color": "green",
                    "value": null
                  },
                  {
                    "color": "red",
                    "value": 80
                  }
                ]
              },
              "unit": "µs"
            },
            "overrides": []
          },
          "gridPos": {
            "h": 10,
            "w": 8,
            "x": 16,
            "y": 9
          },
          "id": 234,
          "options": {
            "legend": {
              "calcs": [
                "mean",
                "lastNotNull",
                "max"
              ],
              "displayMode": "table",
              "placement": "bottom",
              "showLegend": true
            },
            "tooltip": {
              "mode": "single",
              "sort": "none"
            }
          },
          "pluginVersion": "11.3.0",
          "targets": [
            {
              "datasource": {
                "type": "prometheus",
                "uid": "prometheus"
              },
              "exemplar": false,
              "expr": "avg by (cluster) (node_volume_avg_latency{datacenter=~\"$Datacenter\",cluster=~\"$Cluster\"})\nand\ntopk($TopResources, avg by (cluster) (avg_over_time(node_volume_avg_latency{datacenter=~\"$Datacenter\",cluster=~\"$Cluster\"}[3h] @ end())))",
              "interval": "",
              "legendFormat": "{{cluster}}",
              "refId": "A"
            }
          ],
          "title": "Top $TopResources Clusters by Average Latency",
          "type": "timeseries"
        }
      ],
      "title": "Cluster Metrics",
      "type": "row"
    },
    {
      "collapsed": true,
      "gridPos": {
        "h": 1,
        "w": 24,
        "x": 0,
        "y": 1
      },
      "id": 226,
      "panels": [
        {
          "datasource": {
            "type": "prometheus",
            "uid": "prometheus"
          },
          "description": "SVM space used percent.",
          "fieldConfig": {
            "defaults": {
              "color": {
                "mode": "thresholds"
              },
              "custom": {
                "align": "auto",
                "cellOptions": {
                  "type": "auto"
                },
                "filterable": true,
                "inspect": false
              },
              "decimals": 0,
              "mappings": [],
              "max": 100,
              "min": 0,
              "thresholds": {
                "mode": "absolute",
                "steps": [
                  {
                    "color": "dark-green",
                    "value": null
                  },
                  {
                    "color": "dark-orange",
                    "value": 80
                  },
                  {
                    "color": "dark-red",
                    "value": 90
                  }
                ]
              },
              "unit": "percent"
            },
            "overrides": [
              {
                "matcher": {
                  "id": "byName",
                  "options": "Current"
                },
                "properties": [
                  {
                    "id": "custom.width",
                    "value": 100
                  },
                  {
                    "id": "custom.cellOptions",
                    "value": {
                      "mode": "basic",
                      "type": "color-background"
                    }
                  }
                ]
              },
              {
                "matcher": {
                  "id": "byName",
                  "options": "cluster"
                },
                "properties": [
                  {
                    "id": "custom.width",
                    "value": 180
                  },
                  {
                    "id": "displayName",
                    "value": "Cluster"
                  },
                  {
                    "id": "links",
                    "value": [
                      {
                        "targetBlank": true,
                        "title": "",
                        "url": "/d/cdot-cluster/ontap-cluster?orgId=1&${Datacenter:queryparam}&${__url_time_range}&var-Cluster=${__value.raw}"
                      }
                    ]
                  }
                ]
              },
              {
                "matcher": {
                  "id": "byName",
                  "options": "svm"
                },
                "properties": [
                  {
                    "id": "displayName",
                    "value": "SVM"
                  },
                  {
                    "id": "links",
                    "value": [
                      {
                        "targetBlank": true,
                        "title": "",
                        "url": "/d/cdot-svm/ontap-svm?orgId=1&${Datacenter:queryparam}&${Cluster:queryparam}&${__url_time_range}&var-SVM=${__value.raw}"
                      }
                    ]
                  }
                ]
              }
            ]
          },
          "gridPos": {
            "h": 7,
            "w": 8,
            "x": 0,
            "y": 2
          },
          "id": 233,
          "options": {
            "cellHeight": "sm",
            "footer": {
              "countRows": false,
              "fields": "",
              "reducer": [
                "sum"
              ],
              "show": false
            },
            "showHeader": true,
            "sortBy": [
              {
                "desc": true,
                "displayName": "Current"
              }
            ]
          },
          "pluginVersion": "11.3.0",
          "targets": [
            {
              "datasource": {
                "type": "prometheus",
                "uid": "prometheus"
              },
              "exemplar": false,
              "expr": "(\n  100 * sum by (datacenter,cluster, svm) (\n    volume_size_used{datacenter=~\"$Datacenter\", cluster=~\"$Cluster\", svm=~\"$SVM\"}\n  )\n  / on(datacenter, cluster, svm)\n  sum by (datacenter,cluster, svm) (\n    volume_size_total{datacenter=~\"$Datacenter\", cluster=~\"$Cluster\", svm=~\"$SVM\"}\n  )\n)\nand on(datacenter,cluster, svm)\ntopk(\n  $TopResources,\n  (\n    100 * sum by (datacenter,cluster, svm) (\n      avg_over_time(volume_size_used{datacenter=~\"$Datacenter\", cluster=~\"$Cluster\", svm=~\"$SVM\"}[3h] @ end())\n    )\n    / on(datacenter,cluster, svm)\n    sum by (datacenter,cluster, svm) (\n      avg_over_time(volume_size_total{datacenter=~\"$Datacenter\", cluster=~\"$Cluster\", svm=~\"$SVM\"}[3h] @ end())\n    )\n  )\n  * on(datacenter,cluster, svm) group_left\n  svm_labels{datacenter=~\"$Datacenter\", cluster=~\"$Cluster\", svm=~\"$SVM\", root_svm=~\"No|$IncludeRoot\"}\n)",
              "format": "table",
              "instant": true,
              "interval": "",
              "legendFormat": "",
              "refId": "A"
            }
          ],
          "title": "Top $TopResources SVMs by Capacity Used %",
          "transformations": [
            {
              "id": "organize",
              "options": {
                "excludeByName": {},
                "indexByName": {},
                "renameByName": {
                  "Value": "Current"
                }
              }
            },
            {
              "id": "filterFieldsByName",
              "options": {
                "include": {
                  "names": [
                    "Current",
                    "svm",
                    "cluster"
                  ]
                }
              }
            }
          ],
          "type": "table"
        },
        {
          "datasource": {
            "type": "prometheus",
            "uid": "prometheus"
          },
          "description": "Volume space used percent.",
          "fieldConfig": {
            "defaults": {
              "color": {
                "mode": "thresholds"
              },
              "custom": {
                "align": "auto",
                "cellOptions": {
                  "type": "auto"
                },
                "filterable": true,
                "inspect": false
              },
              "decimals": 0,
              "mappings": [],
              "max": 100,
              "min": 0,
              "thresholds": {
                "mode": "absolute",
                "steps": [
                  {
                    "color": "dark-green",
                    "value": null
                  },
                  {
                    "color": "dark-orange",
                    "value": 80
                  },
                  {
                    "color": "dark-red",
                    "value": 90
                  }
                ]
              },
              "unit": "percent"
            },
            "overrides": [
              {
                "matcher": {
                  "id": "byName",
                  "options": "Current"
                },
                "properties": [
                  {
                    "id": "custom.width",
                    "value": 100
                  },
                  {
                    "id": "custom.cellOptions",
                    "value": {
                      "mode": "basic",
                      "type": "color-background"
                    }
                  }
                ]
              },
              {
                "matcher": {
                  "id": "byName",
                  "options": "cluster"
                },
                "properties": [
                  {
                    "id": "custom.width",
                    "value": 180
                  },
                  {
                    "id": "displayName",
                    "value": "Cluster"
                  },
                  {
                    "id": "links",
                    "value": [
                      {
                        "targetBlank": true,
                        "title": "",
                        "url": "/d/cdot-cluster/ontap-cluster?orgId=1&${Datacenter:queryparam}&${__url_time_range}&var-Cluster=${__value.raw}"
                      }
                    ]
                  }
                ]
              },
              {
                "matcher": {
                  "id": "byName",
                  "options": "volume"
                },
                "properties": [
                  {
                    "id": "displayName",
                    "value": "Volume"
                  },
                  {
                    "id": "links",
                    "value": [
                      {
                        "targetBlank": true,
                        "title": "",
                        "url": "/d/cdot-volume/ontap-volume?orgId=1&${Datacenter:queryparam}&${Cluster:queryparam}&${SVM:queryparam}&${__url_time_range}&var-Volume=${__value.raw}"
                      }
                    ]
                  }
                ]
              }
            ]
          },
          "gridPos": {
            "h": 7,
            "w": 8,
            "x": 8,
            "y": 2
          },
          "id": 242,
          "options": {
            "cellHeight": "sm",
            "footer": {
              "countRows": false,
              "fields": "",
              "reducer": [
                "sum"
              ],
              "show": false
            },
            "showHeader": true,
            "sortBy": [
              {
                "desc": true,
                "displayName": "Current"
              }
            ]
          },
          "pluginVersion": "11.3.0",
          "targets": [
            {
              "datasource": {
                "type": "prometheus",
                "uid": "prometheus"
              },
              "exemplar": false,
              "expr": "(\n 100 * volume_size_used{datacenter=~\"$Datacenter\", cluster=~\"$Cluster\", svm=~\"$SVM\",volume=~\"$Volume\"} \n / on(datacenter,cluster,svm,aggr,node,volume,style) \n volume_size_total{datacenter=~\"$Datacenter\", cluster=~\"$Cluster\", svm=~\"$SVM\",volume=~\"$Volume\"}\n)\nand on(datacenter,cluster, svm,aggr,node, volume,style)\ntopk(\n $TopResources,\n (\n (100 * avg_over_time(volume_size_used{datacenter=~\"$Datacenter\", cluster=~\"$Cluster\", svm=~\"$SVM\",volume=~\"$Volume\"}[3h] @ end())) \n / on(datacenter,cluster,svm,aggr,node,volume,style) \n avg_over_time(volume_size_total{datacenter=~\"$Datacenter\", cluster=~\"$Cluster\", svm=~\"$SVM\",volume=~\"$Volume\"}[3h] @ end())\n )\n * on(datacenter,cluster, svm, aggr,node,volume,style) group_left\n volume_labels{datacenter=~\"$Datacenter\", cluster=~\"$Cluster\", svm=~\"$SVM\", volume=~\"$Volume\",root_volume=~\"No|$IncludeRoot\"}\n)",
              "format": "table",
              "instant": true,
              "interval": "",
              "legendFormat": "",
              "refId": "A"
            }
          ],
          "title": "Top $TopResources Volumes by Capacity Used %",
          "transformations": [
            {
              "id": "organize",
              "options": {
                "excludeByName": {},
                "indexByName": {},
                "renameByName": {
                  "Value": "Current"
                }
              }
            },
            {
              "id": "filterFieldsByName",
              "options": {
                "include": {
                  "names": [
                    "volume",
                    "Current",
                    "cluster"
                  ]
                }
              }
            }
          ],
          "type": "table"
        },
        {
          "datasource": {
            "type": "prometheus",
            "uid": "prometheus"
          },
          "description": "Aggregate space used percent.",
          "fieldConfig": {
            "defaults": {
              "color": {
                "mode": "thresholds"
              },
              "custom": {
                "align": "auto",
                "cellOptions": {
                  "type": "auto"
                },
                "filterable": true,
                "inspect": false
              },
              "decimals": 0,
              "mappings": [],
              "max": 100,
              "min": 0,
              "thresholds": {
                "mode": "absolute",
                "steps": [
                  {
                    "color": "dark-green",
                    "value": null
                  },
                  {
                    "color": "dark-orange",
                    "value": 80
                  },
                  {
                    "color": "dark-red",
                    "value": 90
                  }
                ]
              },
              "unit": "percent"
            },
            "overrides": [
              {
                "matcher": {
                  "id": "byName",
                  "options": "Current"
                },
                "properties": [
                  {
                    "id": "custom.width",
                    "value": 100
                  },
                  {
                    "id": "custom.cellOptions",
                    "value": {
                      "mode": "basic",
                      "type": "color-background"
                    }
                  }
                ]
              },
              {
                "matcher": {
                  "id": "byName",
                  "options": "cluster"
                },
                "properties": [
                  {
                    "id": "custom.width",
                    "value": 180
                  },
                  {
                    "id": "displayName",
                    "value": "Cluster"
                  },
                  {
                    "id": "links",
                    "value": [
                      {
                        "targetBlank": true,
                        "title": "",
                        "url": "/d/cdot-cluster/ontap-cluster?orgId=1&${Datacenter:queryparam}&${__url_time_range}&var-Cluster=${__value.raw}"
                      }
                    ]
                  }
                ]
              },
              {
                "matcher": {
                  "id": "byName",
                  "options": "aggr"
                },
                "properties": [
                  {
                    "id": "displayName",
                    "value": "Aggregate"
                  },
                  {
                    "id": "links",
                    "value": [
                      {
                        "targetBlank": true,
                        "title": "",
                        "url": "/d/cdot-aggregate/ontap-aggregate?orgId=1&${Datacenter:queryparam}&${Cluster:queryparam}&${__url_time_range}&var-Aggregate=${__value.raw}"
                      }
                    ]
                  }
                ]
              }
            ]
          },
          "gridPos": {
            "h": 7,
            "w": 8,
            "x": 16,
            "y": 2
          },
          "id": 243,
          "options": {
            "cellHeight": "sm",
            "footer": {
              "countRows": false,
              "fields": "",
              "reducer": [
                "sum"
              ],
              "show": false
            },
            "showHeader": true,
            "sortBy": [
              {
                "desc": true,
                "displayName": "Current"
              }
            ]
          },
          "pluginVersion": "11.3.0",
          "targets": [
            {
              "datasource": {
                "type": "prometheus",
                "uid": "prometheus"
              },
              "exemplar": false,
              "expr": "(\n    100 * aggr_space_used{datacenter=~\"$Datacenter\", cluster=~\"$Cluster\"} \n    / on(datacenter,cluster,aggr) \n    aggr_space_total{datacenter=~\"$Datacenter\", cluster=~\"$Cluster\"}\n)\nand on(datacenter,cluster, aggr)\ntopk(\n  $TopResources,\n  (\n    (100 * avg_over_time(aggr_space_used{datacenter=~\"$Datacenter\", cluster=~\"$Cluster\"}[3h] @ end())) \n    / on(datacenter,cluster,aggr) \n    avg_over_time(aggr_space_total{datacenter=~\"$Datacenter\", cluster=~\"$Cluster\"}[3h] @ end())\n  )\n)",
              "format": "table",
              "instant": true,
              "interval": "",
              "legendFormat": "",
              "refId": "A"
            }
          ],
          "title": "Top $TopResources Aggregates by Capacity Used %",
          "transformations": [
            {
              "id": "organize",
              "options": {
                "excludeByName": {},
                "indexByName": {
                  "Time": 0,
                  "Value": 7,
                  "aggr": 2,
                  "cluster": 1,
                  "datacenter": 3,
                  "instance": 4,
                  "job": 5,
                  "node": 6
                },
                "renameByName": {
                  "Value": "Current"
                }
              }
            },
            {
              "id": "filterFieldsByName",
              "options": {
                "include": {
                  "names": [
                    "Current",
                    "aggr",
                    "cluster"
                  ]
                }
              }
            }
          ],
          "type": "table"
        },
        {
          "datasource": {
            "type": "prometheus",
            "uid": "prometheus"
          },
          "description": "SVM space used percent.",
          "fieldConfig": {
            "defaults": {
              "color": {
                "mode": "palette-classic"
              },
              "custom": {
                "axisBorderShow": false,
                "axisCenteredZero": false,
                "axisColorMode": "text",
                "axisLabel": "",
                "axisPlacement": "auto",
                "barAlignment": 0,
                "barWidthFactor": 0.6,
                "drawStyle": "line",
                "fillOpacity": 10,
                "gradientMode": "none",
                "hideFrom": {
                  "legend": false,
                  "tooltip": false,
                  "viz": false
                },
                "insertNulls": false,
                "lineInterpolation": "linear",
                "lineStyle": {
                  "fill": "solid"
                },
                "lineWidth": 1,
                "pointSize": 1,
                "scaleDistribution": {
                  "type": "linear"
                },
                "showPoints": "never",
                "spanNulls": true,
                "stacking": {
                  "group": "A",
                  "mode": "none"
                },
                "thresholdsStyle": {
                  "mode": "off"
                }
              },
              "decimals": 2,
              "mappings": [],
              "max": 100,
              "min": 0,
              "thresholds": {
                "mode": "absolute",
                "steps": [
                  {
                    "color": "green",
                    "value": null
                  }
                ]
              },
              "unit": "percent"
            },
            "overrides": []
          },
          "gridPos": {
            "h": 8,
            "w": 8,
            "x": 0,
            "y": 9
          },
          "id": 272,
          "options": {
            "legend": {
              "calcs": [
                "mean",
                "lastNotNull",
                "max"
              ],
              "displayMode": "table",
              "placement": "bottom",
              "showLegend": true,
              "sortBy": "Last *",
              "sortDesc": true
            },
            "tooltip": {
              "mode": "single",
              "sort": "none"
            }
          },
          "pluginVersion": "11.3.0",
          "targets": [
            {
              "datasource": {
                "type": "prometheus",
                "uid": "prometheus"
              },
              "exemplar": false,
              "expr": "(\n  100 * sum by (datacenter,cluster, svm) (\n    volume_size_used{datacenter=~\"$Datacenter\", cluster=~\"$Cluster\", svm=~\"$SVM\"}\n  )\n  / on(datacenter, cluster, svm)\n  sum by (datacenter,cluster, svm) (\n    volume_size_total{datacenter=~\"$Datacenter\", cluster=~\"$Cluster\", svm=~\"$SVM\"}\n  )\n)\nand on(datacenter,cluster, svm)\ntopk(\n  $TopResources,\n  (\n    100 * sum by (datacenter,cluster, svm) (\n      avg_over_time(volume_size_used{datacenter=~\"$Datacenter\", cluster=~\"$Cluster\", svm=~\"$SVM\"}[3h] @ end())\n    )\n    / on(datacenter,cluster, svm)\n    sum by (datacenter,cluster, svm) (\n      avg_over_time(volume_size_total{datacenter=~\"$Datacenter\", cluster=~\"$Cluster\", svm=~\"$SVM\"}[3h] @ end())\n    )\n  )\n  * on(datacenter,cluster, svm) group_left\n  svm_labels{datacenter=~\"$Datacenter\", cluster=~\"$Cluster\", svm=~\"$SVM\", root_svm=~\"No|$IncludeRoot\"}\n)",
              "interval": "",
              "legendFormat": "{{cluster}} - {{svm}}",
              "refId": "A"
            }
          ],
          "title": "Top $TopResources SVMs by Capacity Used %",
          "type": "timeseries"
        },
        {
          "datasource": {
            "type": "prometheus",
            "uid": "prometheus"
          },
          "description": "Volume space used percent.",
          "fieldConfig": {
            "defaults": {
              "color": {
                "mode": "palette-classic"
              },
              "custom": {
                "axisBorderShow": false,
                "axisCenteredZero": false,
                "axisColorMode": "text",
                "axisLabel": "",
                "axisPlacement": "auto",
                "barAlignment": 0,
                "barWidthFactor": 0.6,
                "drawStyle": "line",
                "fillOpacity": 10,
                "gradientMode": "none",
                "hideFrom": {
                  "legend": false,
                  "tooltip": false,
                  "viz": false
                },
                "insertNulls": false,
                "lineInterpolation": "linear",
                "lineStyle": {
                  "fill": "solid"
                },
                "lineWidth": 1,
                "pointSize": 1,
                "scaleDistribution": {
                  "type": "linear"
                },
                "showPoints": "never",
                "spanNulls": true,
                "stacking": {
                  "group": "A",
                  "mode": "none"
                },
                "thresholdsStyle": {
                  "mode": "off"
                }
              },
              "decimals": 2,
              "mappings": [],
              "max": 100,
              "min": 0,
              "thresholds": {
                "mode": "absolute",
                "steps": [
                  {
                    "color": "green",
                    "value": null
                  }
                ]
              },
              "unit": "percent"
            },
            "overrides": []
          },
          "gridPos": {
            "h": 8,
            "w": 8,
            "x": 8,
            "y": 9
          },
          "id": 266,
          "options": {
            "legend": {
              "calcs": [
                "mean",
                "lastNotNull",
                "max"
              ],
              "displayMode": "table",
              "placement": "bottom",
              "showLegend": true,
              "sortBy": "Last *",
              "sortDesc": true
            },
            "tooltip": {
              "mode": "single",
              "sort": "none"
            }
          },
          "pluginVersion": "11.3.0",
          "targets": [
            {
              "datasource": {
                "type": "prometheus",
                "uid": "prometheus"
              },
              "exemplar": false,
              "expr": "(\n 100 * volume_size_used{datacenter=~\"$Datacenter\", cluster=~\"$Cluster\", svm=~\"$SVM\",volume=~\"$Volume\"} \n / on(datacenter,cluster,svm,aggr,node,volume,style) \n volume_size_total{datacenter=~\"$Datacenter\", cluster=~\"$Cluster\", svm=~\"$SVM\",volume=~\"$Volume\"}\n)\nand on(datacenter,cluster, svm,aggr,node, volume,style)\ntopk(\n $TopResources,\n (\n (100 * avg_over_time(volume_size_used{datacenter=~\"$Datacenter\", cluster=~\"$Cluster\", svm=~\"$SVM\",volume=~\"$Volume\"}[3h] @ end())) \n / on(datacenter,cluster,svm,aggr,node,volume,style) \n avg_over_time(volume_size_total{datacenter=~\"$Datacenter\", cluster=~\"$Cluster\", svm=~\"$SVM\",volume=~\"$Volume\"}[3h] @ end())\n )\n * on(datacenter,cluster, svm, aggr,node,volume,style) group_left\n volume_labels{datacenter=~\"$Datacenter\", cluster=~\"$Cluster\", svm=~\"$SVM\", volume=~\"$Volume\",root_volume=~\"No|$IncludeRoot\"}\n)",
              "interval": "",
              "legendFormat": "{{cluster}} - {{svm}} - {{volume}}",
              "refId": "A"
            }
          ],
          "title": "Top $TopResources Volumes by Capacity Used %",
          "type": "timeseries"
        },
        {
          "datasource": {
            "type": "prometheus",
            "uid": "prometheus"
          },
          "description": "Aggregate space used percent.",
          "fieldConfig": {
            "defaults": {
              "color": {
                "mode": "palette-classic"
              },
              "custom": {
                "axisBorderShow": false,
                "axisCenteredZero": false,
                "axisColorMode": "text",
                "axisLabel": "",
                "axisPlacement": "auto",
                "barAlignment": 0,
                "barWidthFactor": 0.6,
                "drawStyle": "line",
                "fillOpacity": 10,
                "gradientMode": "none",
                "hideFrom": {
                  "legend": false,
                  "tooltip": false,
                  "viz": false
                },
                "insertNulls": false,
                "lineInterpolation": "linear",
                "lineStyle": {
                  "fill": "solid"
                },
                "lineWidth": 1,
                "pointSize": 1,
                "scaleDistribution": {
                  "type": "linear"
                },
                "showPoints": "never",
                "spanNulls": true,
                "stacking": {
                  "group": "A",
                  "mode": "none"
                },
                "thresholdsStyle": {
                  "mode": "off"
                }
              },
              "decimals": 2,
              "mappings": [],
              "max": 100,
              "min": 0,
              "thresholds": {
                "mode": "absolute",
                "steps": [
                  {
                    "color": "green",
                    "value": null
                  }
                ]
              },
              "unit": "percent"
            },
            "overrides": []
          },
          "gridPos": {
            "h": 8,
            "w": 8,
            "x": 16,
            "y": 9
          },
          "id": 267,
          "options": {
            "legend": {
              "calcs": [
                "mean",
                "lastNotNull",
                "max"
              ],
              "displayMode": "table",
              "placement": "bottom",
              "showLegend": true,
              "sortBy": "Last *",
              "sortDesc": true
            },
            "tooltip": {
              "mode": "single",
              "sort": "none"
            }
          },
          "pluginVersion": "11.3.0",
          "targets": [
            {
              "datasource": {
                "type": "prometheus",
                "uid": "prometheus"
              },
              "exemplar": false,
              "expr": "(\n    100 * aggr_space_used{datacenter=~\"$Datacenter\", cluster=~\"$Cluster\"} \n    / on(datacenter,cluster,aggr) \n    aggr_space_total{datacenter=~\"$Datacenter\", cluster=~\"$Cluster\"}\n)\nand on(datacenter,cluster, aggr)\ntopk(\n  $TopResources,\n  (\n    (100 * avg_over_time(aggr_space_used{datacenter=~\"$Datacenter\", cluster=~\"$Cluster\"}[3h] @ end())) \n    / on(datacenter,cluster,aggr) \n    avg_over_time(aggr_space_total{datacenter=~\"$Datacenter\", cluster=~\"$Cluster\"}[3h] @ end())\n  )\n)",
              "interval": "",
              "legendFormat": "{{cluster}} - {{aggr}}",
              "refId": "A"
            }
          ],
          "title": "Top $TopResources Aggregates by Capacity Used %",
          "type": "timeseries"
        }
      ],
      "title": "Capacity Metrics",
      "type": "row"
    },
    {
      "collapsed": true,
      "gridPos": {
        "h": 1,
        "w": 24,
        "x": 0,
        "y": 2
      },
      "id": 256,
      "panels": [
        {
          "datasource": {
            "type": "prometheus",
            "uid": "prometheus"
          },
          "description": "Average latency in microseconds for the WAFL filesystem to process all the operations on the volume; not including request processing or network communication time.",
          "fieldConfig": {
            "defaults": {
              "color": {
                "mode": "palette-classic"
              },
              "custom": {
                "axisBorderShow": false,
                "axisCenteredZero": false,
                "axisColorMode": "text",
                "axisLabel": "",
                "axisPlacement": "auto",
                "barAlignment": 0,
                "barWidthFactor": 0.6,
                "drawStyle": "line",
                "fillOpacity": 10,
                "gradientMode": "none",
                "hideFrom": {
                  "legend": false,
                  "tooltip": false,
                  "viz": false
                },
                "insertNulls": false,
                "lineInterpolation": "linear",
                "lineStyle": {
                  "fill": "solid"
                },
                "lineWidth": 1,
                "pointSize": 1,
                "scaleDistribution": {
                  "type": "linear"
                },
                "showPoints": "never",
                "spanNulls": true,
                "stacking": {
                  "group": "A",
                  "mode": "none"
                },
                "thresholdsStyle": {
                  "mode": "off"
                }
              },
              "mappings": [],
              "thresholds": {
                "mode": "absolute",
                "steps": [
                  {
                    "color": "green",
                    "value": null
                  }
                ]
              },
              "unit": "µs"
            },
            "overrides": []
          },
          "gridPos": {
            "h": 8,
            "w": 8,
            "x": 0,
            "y": 3
          },
          "id": 268,
          "options": {
            "legend": {
              "calcs": [
                "mean",
                "lastNotNull",
                "max"
              ],
              "displayMode": "table",
              "placement": "bottom",
              "showLegend": true,
              "sortBy": "Last *",
              "sortDesc": true
            },
            "tooltip": {
              "mode": "single",
              "sort": "none"
            }
          },
          "pluginVersion": "11.3.0",
          "targets": [
            {
              "datasource": {
                "type": "prometheus",
                "uid": "prometheus"
              },
              "exemplar": false,
              "expr": "svm_vol_avg_latency{datacenter=~\"$Datacenter\",cluster=~\"$Cluster\",svm=~\"$SVM\"}\nand\ntopk($TopResources, avg_over_time(svm_vol_avg_latency{datacenter=~\"$Datacenter\",cluster=~\"$Cluster\",svm=~\"$SVM\"}[3h] @ end()))",
              "interval": "",
              "legendFormat": "{{cluster}} - {{svm}}",
              "refId": "A"
            }
          ],
          "title": "Top $TopResources Average Latency by SVMs",
          "type": "timeseries"
        },
        {
          "datasource": {
            "type": "prometheus",
            "uid": "prometheus"
          },
          "description": "SVM total throughput.",
          "fieldConfig": {
            "defaults": {
              "color": {
                "mode": "palette-classic"
              },
              "custom": {
                "axisBorderShow": false,
                "axisCenteredZero": false,
                "axisColorMode": "text",
                "axisLabel": "",
                "axisPlacement": "auto",
                "barAlignment": 0,
                "barWidthFactor": 0.6,
                "drawStyle": "line",
                "fillOpacity": 10,
                "gradientMode": "none",
                "hideFrom": {
                  "legend": false,
                  "tooltip": false,
                  "viz": false
                },
                "insertNulls": false,
                "lineInterpolation": "linear",
                "lineStyle": {
                  "fill": "solid"
                },
                "lineWidth": 1,
                "pointSize": 1,
                "scaleDistribution": {
                  "type": "linear"
                },
                "showPoints": "never",
                "spanNulls": true,
                "stacking": {
                  "group": "A",
                  "mode": "none"
                },
                "thresholdsStyle": {
                  "mode": "off"
                }
              },
              "mappings": [],
              "thresholds": {
                "mode": "absolute",
                "steps": [
                  {
                    "color": "green",
                    "value": null
                  }
                ]
              },
              "unit": "Bps"
            },
            "overrides": []
          },
          "gridPos": {
            "h": 8,
            "w": 8,
            "x": 8,
            "y": 3
          },
          "id": 269,
          "options": {
            "legend": {
              "calcs": [
                "mean",
                "lastNotNull",
                "max"
              ],
              "displayMode": "table",
              "placement": "bottom",
              "showLegend": true,
              "sortBy": "Last *",
              "sortDesc": true
            },
            "tooltip": {
              "mode": "single",
              "sort": "none"
            }
          },
          "pluginVersion": "11.3.0",
          "targets": [
            {
              "datasource": {
                "type": "prometheus",
                "uid": "prometheus"
              },
              "exemplar": false,
              "expr": "(\n    svm_vol_read_data{datacenter=~\"$Datacenter\", cluster=~\"$Cluster\",svm=~\"$SVM\"} \n    +\n    svm_vol_write_data{datacenter=~\"$Datacenter\", cluster=~\"$Cluster\",svm=~\"$SVM\"}\n)\nand on(datacenter,cluster, svm)\ntopk(\n  $TopResources,\n  (\n    avg_over_time(svm_vol_read_data{datacenter=~\"$Datacenter\", cluster=~\"$Cluster\",svm=~\"$SVM\"}[3h])\n    + avg_over_time(svm_vol_write_data{datacenter=~\"$Datacenter\", cluster=~\"$Cluster\",svm=~\"$SVM\"}[3h])\n  )\n  * on(datacenter,cluster, svm) group_left\n  svm_labels{datacenter=~\"$Datacenter\", cluster=~\"$Cluster\", root_svm=~\"No|$IncludeRoot\"}\n)",
              "interval": "",
              "legendFormat": "{{cluster}} - {{svm}}",
              "refId": "A"
            }
          ],
          "title": "Top $TopResources Average Throughput by SVMs",
          "type": "timeseries"
        },
        {
          "datasource": {
            "type": "prometheus",
            "uid": "prometheus"
          },
          "description": "Number of operations per second serviced by the volume.",
          "fieldConfig": {
            "defaults": {
              "color": {
                "mode": "palette-classic"
              },
              "custom": {
                "axisBorderShow": false,
                "axisCenteredZero": false,
                "axisColorMode": "text",
                "axisLabel": "",
                "axisPlacement": "auto",
                "barAlignment": 0,
                "barWidthFactor": 0.6,
                "drawStyle": "line",
                "fillOpacity": 10,
                "gradientMode": "none",
                "hideFrom": {
                  "legend": false,
                  "tooltip": false,
                  "viz": false
                },
                "insertNulls": false,
                "lineInterpolation": "linear",
                "lineStyle": {
                  "fill": "solid"
                },
                "lineWidth": 1,
                "pointSize": 1,
                "scaleDistribution": {
                  "type": "linear"
                },
                "showPoints": "never",
                "spanNulls": true,
                "stacking": {
                  "group": "A",
                  "mode": "none"
                },
                "thresholdsStyle": {
                  "mode": "off"
                }
              },
              "decimals": 0,
              "mappings": [],
              "thresholds": {
                "mode": "absolute",
                "steps": [
                  {
                    "color": "green",
                    "value": null
                  }
                ]
              },
              "unit": "iops"
            },
            "overrides": []
          },
          "gridPos": {
            "h": 8,
            "w": 8,
            "x": 16,
            "y": 3
          },
          "id": 270,
          "options": {
            "legend": {
              "calcs": [
                "mean",
                "lastNotNull",
                "max"
              ],
              "displayMode": "table",
              "placement": "bottom",
              "showLegend": true,
              "sortBy": "Last *",
              "sortDesc": true
            },
            "tooltip": {
              "mode": "single",
              "sort": "none"
            }
          },
          "pluginVersion": "11.3.0",
          "targets": [
            {
              "datasource": {
                "type": "prometheus",
                "uid": "prometheus"
              },
              "exemplar": false,
              "expr": "svm_vol_total_ops{datacenter=~\"$Datacenter\",cluster=~\"$Cluster\",svm=~\"$SVM\"}\nand\ntopk($TopResources, avg_over_time(svm_vol_total_ops{datacenter=~\"$Datacenter\",cluster=~\"$Cluster\",svm=~\"$SVM\"}[3h] @ end()))",
              "interval": "",
              "legendFormat": "{{cluster}} - {{svm}}",
              "refId": "A"
            }
          ],
          "title": "Top $TopResources IOPs by SVMs",
          "type": "timeseries"
        }
      ],
      "title": "SVM Metrics",
      "type": "row"
    },
    {
      "collapsed": true,
      "gridPos": {
        "h": 1,
        "w": 24,
        "x": 0,
        "y": 3
      },
      "id": 264,
      "panels": [
        {
          "datasource": {
            "type": "prometheus",
            "uid": "prometheus"
          },
          "description": "Average latency in microseconds for the WAFL filesystem to process all the operations on the volume; not including request processing or network communication time.",
          "fieldConfig": {
            "defaults": {
              "color": {
                "mode": "palette-classic"
              },
              "custom": {
                "axisBorderShow": false,
                "axisCenteredZero": false,
                "axisColorMode": "text",
                "axisLabel": "",
                "axisPlacement": "auto",
                "barAlignment": 0,
                "barWidthFactor": 0.6,
                "drawStyle": "line",
                "fillOpacity": 10,
                "gradientMode": "none",
                "hideFrom": {
                  "legend": false,
                  "tooltip": false,
                  "viz": false
                },
                "insertNulls": false,
                "lineInterpolation": "linear",
                "lineWidth": 1,
                "pointSize": 5,
                "scaleDistribution": {
                  "type": "linear"
                },
                "showPoints": "auto",
                "spanNulls": true,
                "stacking": {
                  "group": "A",
                  "mode": "none"
                },
                "thresholdsStyle": {
                  "mode": "off"
                }
              },
              "mappings": [],
              "thresholds": {
                "mode": "absolute",
                "steps": [
                  {
                    "color": "green",
                    "value": null
                  },
                  {
                    "color": "red",
                    "value": 80
                  }
                ]
              },
              "unit": "µs"
            },
            "overrides": []
          },
          "gridPos": {
            "h": 8,
            "w": 8,
            "x": 0,
            "y": 4
          },
          "id": 258,
          "options": {
            "legend": {
              "calcs": [
                "mean",
                "lastNotNull",
                "max"
              ],
              "displayMode": "table",
              "placement": "bottom",
              "showLegend": true
            },
            "tooltip": {
              "mode": "single",
              "sort": "none"
            }
          },
          "pluginVersion": "11.3.0",
          "targets": [
            {
              "datasource": {
                "type": "prometheus",
                "uid": "prometheus"
              },
              "exemplar": false,
              "expr": "volume_avg_latency{datacenter=~\"$Datacenter\",cluster=~\"$Cluster\",svm=~\"$SVM\",volume=~\"$Volume\"}\nand on(datacenter,cluster,svm,volume)\ntopk($TopResources, avg_over_time(volume_avg_latency{datacenter=~\"$Datacenter\",cluster=~\"$Cluster\",svm=~\"$SVM\",volume=~\"$Volume\"}[3h] @ end()))",
              "interval": "",
              "legendFormat": "{{cluster}} - {{svm}} - {{volume}}",
              "refId": "A"
            }
          ],
          "title": "Top $TopResources Volumes by Average Latency",
          "type": "timeseries"
        },
        {
          "datasource": {
            "type": "prometheus",
            "uid": "prometheus"
          },
          "description": "Volume total throughput.",
          "fieldConfig": {
            "defaults": {
              "color": {
                "mode": "palette-classic"
              },
              "custom": {
                "axisBorderShow": false,
                "axisCenteredZero": false,
                "axisColorMode": "text",
                "axisLabel": "",
                "axisPlacement": "auto",
                "barAlignment": 0,
                "barWidthFactor": 0.6,
                "drawStyle": "line",
                "fillOpacity": 10,
                "gradientMode": "none",
                "hideFrom": {
                  "legend": false,
                  "tooltip": false,
                  "viz": false
                },
                "insertNulls": false,
                "lineInterpolation": "linear",
                "lineWidth": 1,
                "pointSize": 5,
                "scaleDistribution": {
                  "type": "linear"
                },
                "showPoints": "auto",
                "spanNulls": true,
                "stacking": {
                  "group": "A",
                  "mode": "none"
                },
                "thresholdsStyle": {
                  "mode": "off"
                }
              },
              "mappings": [],
              "thresholds": {
                "mode": "absolute",
                "steps": [
                  {
                    "color": "green",
                    "value": null
                  },
                  {
                    "color": "red",
                    "value": 80
                  }
                ]
              },
              "unit": "Bps"
            },
            "overrides": []
          },
          "gridPos": {
            "h": 8,
            "w": 8,
            "x": 8,
            "y": 4
          },
          "id": 260,
          "options": {
            "legend": {
              "calcs": [
                "mean",
                "lastNotNull",
                "max"
              ],
              "displayMode": "table",
              "placement": "bottom",
              "showLegend": true
            },
            "tooltip": {
              "mode": "single",
              "sort": "none"
            }
          },
          "pluginVersion": "11.3.0",
          "targets": [
            {
              "datasource": {
                "type": "prometheus",
                "uid": "prometheus"
              },
              "exemplar": false,
              "expr": "(\n    volume_read_data{datacenter=~\"$Datacenter\",cluster=~\"$Cluster\",svm=~\"$SVM\",volume=~\"$Volume\"} \n    +\n    volume_write_data{datacenter=~\"$Datacenter\",cluster=~\"$Cluster\",svm=~\"$SVM\",volume=~\"$Volume\"}\n)\nand on(datacenter,cluster,svm,volume)\ntopk(\n    $TopResources,\n    (\n        avg_over_time(volume_read_data{datacenter=~\"$Datacenter\",cluster=~\"$Cluster\",svm=~\"$SVM\",volume=~\"$Volume\"}[3h] @ end())\n        + avg_over_time(volume_write_data{datacenter=~\"$Datacenter\",cluster=~\"$Cluster\",svm=~\"$SVM\",volume=~\"$Volume\"}[3h] @ end())\n    )\n)",
              "interval": "",
              "legendFormat": "{{cluster}} - {{svm}} - {{volume}}",
              "refId": "A"
            }
          ],
          "title": "Top $TopResources Volumes by Average Throughput",
          "type": "timeseries"
        },
        {
          "datasource": {
            "type": "prometheus",
            "uid": "prometheus"
          },
          "description": "Number of operations per second serviced by the volume.",
          "fieldConfig": {
            "defaults": {
              "color": {
                "mode": "palette-classic"
              },
              "custom": {
                "axisBorderShow": false,
                "axisCenteredZero": false,
                "axisColorMode": "text",
                "axisLabel": "",
                "axisPlacement": "auto",
                "barAlignment": 0,
                "barWidthFactor": 0.6,
                "drawStyle": "line",
                "fillOpacity": 10,
                "gradientMode": "none",
                "hideFrom": {
                  "legend": false,
                  "tooltip": false,
                  "viz": false
                },
                "insertNulls": false,
                "lineInterpolation": "linear",
                "lineWidth": 1,
                "pointSize": 5,
                "scaleDistribution": {
                  "type": "linear"
                },
                "showPoints": "auto",
                "spanNulls": true,
                "stacking": {
                  "group": "A",
                  "mode": "none"
                },
                "thresholdsStyle": {
                  "mode": "off"
                }
              },
              "decimals": 0,
              "mappings": [],
              "thresholds": {
                "mode": "absolute",
                "steps": [
                  {
                    "color": "green",
                    "value": null
                  },
                  {
                    "color": "red",
                    "value": 80
                  }
                ]
              },
              "unit": "iops"
            },
            "overrides": []
          },
          "gridPos": {
            "h": 8,
            "w": 8,
            "x": 16,
            "y": 4
          },
          "id": 262,
          "options": {
            "legend": {
              "calcs": [
                "mean",
                "lastNotNull",
                "max"
              ],
              "displayMode": "table",
              "placement": "bottom",
              "showLegend": true
            },
            "tooltip": {
              "mode": "single",
              "sort": "none"
            }
          },
          "pluginVersion": "11.3.0",
          "targets": [
            {
              "datasource": {
                "type": "prometheus",
                "uid": "prometheus"
              },
              "exemplar": false,
              "expr": "volume_total_ops{datacenter=~\"$Datacenter\",cluster=~\"$Cluster\",svm=~\"$SVM\",volume=~\"$Volume\"}\nand on(datacenter,cluster,svm,volume)\ntopk($TopResources, avg_over_time(volume_total_ops{datacenter=~\"$Datacenter\",cluster=~\"$Cluster\",svm=~\"$SVM\",volume=~\"$Volume\"}[3h] @ end()))",
              "interval": "",
              "legendFormat": "{{cluster}} - {{svm}} - {{volume}}",
              "refId": "A"
            }
          ],
          "title": "Top $TopResources Volumes by IOPs",
          "type": "timeseries"
        }
      ],
      "title": "Volume Metrics",
      "type": "row"
    }
  ],
  "preload": false,
  "refresh": "",
  "schemaVersion": 40,
  "tags": [],
  "templating": {
    "list": [
      {
        "current": {
          "text": "prometheus",
          "value": "prometheus"
        },
        "hide": 2,
        "includeAll": false,
        "label": "Data Source",
        "name": "DS_PROMETHEUS",
        "options": [],
        "query": "prometheus",
        "refresh": 1,
        "regex": "",
        "type": "datasource"
      },
      {
        "current": {
          "text": [
            "DC-01"
          ],
          "value": [
            "DC-01"
          ]
        },
        "datasource": "prometheus",
        "definition": "label_values(cluster_new_status{system_type!=\"7mode\"},datacenter)",
        "includeAll": false,
        "multi": true,
        "name": "Datacenter",
        "options": [],
        "query": {
          "query": "label_values(cluster_new_status{system_type!=\"7mode\"},datacenter)",
          "refId": "Prometheus-Datacenter-Variable-Query"
        },
        "refresh": 2,
        "regex": "",
        "sort": 1,
        "type": "query"
      },
      {
        "allValue": ".*",
        "current": {
          "text": [
            "All"
          ],
          "value": [
            "$__all"
          ]
        },
        "datasource": "prometheus",
        "definition": "label_values(cluster_new_status{system_type!=\"7mode\",datacenter=~\"$Datacenter\"},cluster)",
        "includeAll": true,
        "multi": true,
        "name": "Cluster",
        "options": [],
        "query": {
          "query": "label_values(cluster_new_status{system_type!=\"7mode\",datacenter=~\"$Datacenter\"},cluster)",
          "refId": "StandardVariableQuery"
        },
        "refresh": 2,
        "regex": "",
        "sort": 1,
        "type": "query"
      },
      {
        "allValue": ".*",
        "current": {
          "text": [
            "All"
          ],
          "value": [
            "$__all"
          ]
        },
        "datasource": "prometheus",
        "definition": "label_values(svm_labels{system_type!=\"7mode\",datacenter=~\"$Datacenter\",cluster=~\"$Cluster\"},svm)",
        "includeAll": true,
        "multi": true,
        "name": "SVM",
        "options": [],
        "query": {
          "query": "label_values(svm_labels{system_type!=\"7mode\",datacenter=~\"$Datacenter\",cluster=~\"$Cluster\"},svm)",
          "refId": "StandardVariableQuery"
        },
        "refresh": 2,
        "regex": "",
        "sort": 1,
        "type": "query"
      },
      {
        "allValue": ".*",
        "current": {
          "text": [
            "All"
          ],
          "value": [
            "$__all"
          ]
        },
        "datasource": "prometheus",
        "definition": "label_values(volume_labels{system_type!=\"7mode\",datacenter=~\"$Datacenter\",cluster=~\"$Cluster\",svm=~\"$SVM\"},volume)",
        "includeAll": true,
        "multi": true,
        "name": "Volume",
        "options": [],
        "query": {
          "query": "label_values(volume_labels{system_type!=\"7mode\",datacenter=~\"$Datacenter\",cluster=~\"$Cluster\",svm=~\"$SVM\"},volume)",
          "refId": "StandardVariableQuery"
        },
        "refresh": 2,
        "regex": "",
        "sort": 1,
        "type": "query"
      },
      {
        "current": {
          "text": "5",
          "value": "5"
        },
        "includeAll": false,
        "name": "TopResources",
        "options": [
          {
            "selected": false,
            "text": "1",
            "value": "1"
          },
          {
            "selected": false,
            "text": "2",
            "value": "2"
          },
          {
            "selected": false,
            "text": "3",
            "value": "3"
          },
          {
            "selected": false,
            "text": "4",
            "value": "4"
          },
          {
            "selected": true,
            "text": "5",
            "value": "5"
          },
          {
            "selected": false,
            "text": "6",
            "value": "6"
          },
          {
            "selected": false,
            "text": "8",
            "value": "8"
          },
          {
            "selected": false,
            "text": "10",
            "value": "10"
          },
          {
            "selected": false,
            "text": "15",
            "value": "15"
          },
          {
            "selected": false,
            "text": "25",
            "value": "25"
          },
          {
            "selected": false,
            "text": "50",
            "value": "50"
          },
          {
            "selected": false,
            "text": "100",
            "value": "100"
          },
          {
            "selected": false,
            "text": "250",
            "value": "250"
          },
          {
            "selected": false,
            "text": "500",
            "value": "500"
          }
        ],
        "query": "1,2,3,4,5,6,8,10,15,25,50,100,250,500",
        "type": "custom"
      },
      {
        "current": {
          "text": "No",
          "value": "No"
        },
        "description": "",
        "includeAll": false,
        "name": "IncludeRoot",
        "options": [
          {
            "selected": true,
            "text": "No",
            "value": "No"
          },
          {
            "selected": false,
            "text": "Yes",
            "value": "Yes"
          }
        ],
        "query": "No,Yes",
        "type": "custom"
      }
    ]
  },
  "time": {
    "from": "now-3h",
    "to": "now"
  },
  "timepicker": {
    "refresh_intervals": [
      "10s",
      "30s",
      "1m",
      "5m",
      "15m",
      "30m",
      "1h",
      "2h",
      "1d"
    ]
  },
  "timezone": "",
  "title": "FSxN: Clusters",
  "uid": "cdot-cdot",
  "version": 2,
  "weekStart": ""
}