{
  "annotations": {
    "list": [
      {
        "builtIn": 1,
        "datasource": {
          "type": "datasource",
          "uid": "grafana"
        },
        "enable": true,
        "hide": true,
        "iconColor": "rgba(0, 211, 255, 1)",
        "name": "Annotations & Alerts",
        "target": {
          "limit": 100,
          "matchAny": false,
          "tags": [],
          "type": "dashboard"
        },
        "type": "dashboard"
      }
    ]
  },
  "editable": false,
  "fiscalYearStartMonth": 0,
  "graphTooltip": 1,
  "id": 6,
  "iteration": 1742997171288,
  "links": [
    {
      "asDropdown": true,
      "icon": "external link",
      "includeVars": true,
      "keepTime": true,
      "tags": [
        "cdot"
      ],
      "targetBlank": false,
      "title": "Related Dashboards",
      "tooltip": "",
      "type": "dashboards",
      "url": ""
    }
  ],
  "liveNow": false,
  "panels": [
    {
      "collapsed": true,
      "gridPos": {
        "h": 1,
        "w": 24,
        "x": 0,
        "y": 0
      },
      "id": 45,
      "panels": [
        {
          "datasource": {
            "type": "prometheus",
            "uid": "prometheus"
          },
          "description": "Volumes Protected With Snapshot Copies (local).",
          "fieldConfig": {
            "defaults": {
              "color": {
                "mode": "palette-classic"
              },
              "custom": {
                "hideFrom": {
                  "legend": false,
                  "tooltip": false,
                  "viz": false
                }
              },
              "decimals": 0,
              "mappings": []
            },
            "overrides": [
              {
                "matcher": {
                  "id": "byName",
                  "options": "Volumes protected"
                },
                "properties": [
                  {
                    "id": "color",
                    "value": {
                      "fixedColor": "green",
                      "mode": "fixed"
                    }
                  }
                ]
              },
              {
                "matcher": {
                  "id": "byName",
                  "options": "Volumes not protected"
                },
                "properties": [
                  {
                    "id": "color",
                    "value": {
                      "fixedColor": "yellow",
                      "mode": "fixed"
                    }
                  }
                ]
              }
            ]
          },
          "gridPos": {
            "h": 10,
            "w": 6,
            "x": 0,
            "y": 1
          },
          "id": 12,
          "options": {
            "legend": {
              "displayMode": "list",
              "placement": "right",
              "showLegend": false,
              "values": [
                "value"
              ]
            },
            "pieType": "donut",
            "reduceOptions": {
              "calcs": [
                "last"
              ],
              "fields": "",
              "values": false
            },
            "tooltip": {
              "mode": "single",
              "sort": "none"
            }
          },
          "pluginVersion": "11.3.0",
          "targets": [
            {
              "datasource": {
                "type": "prometheus",
                "uid": "prometheus"
              },
              "exemplar": false,
              "expr": "count(volume_labels{datacenter=~\"$Datacenter\", cluster=~\"$Cluster\",snapshot_policy!=\"\", snapshot_policy!~\"none.*\", volume!~\"MDV.*\"}  * on (snapshot_policy) group_left () group by (snapshot_policy) (snapshot_policy_total_schedules{})) OR on() vector(0)",
              "instant": true,
              "interval": "",
              "legendFormat": "Volumes protected",
              "refId": "A"
            },
            {
              "datasource": {
                "type": "prometheus",
                "uid": "prometheus"
              },
              "exemplar": false,
              "expr": "count((volume_labels{datacenter=~\"$Datacenter\", cluster=~\"$Cluster\",snapshot_policy=~\"none.*\", volume!~\"MDV.*\"}  * on (snapshot_policy) group_left () group by (snapshot_policy) (snapshot_policy_total_schedules{}))) OR on() vector(0)",
              "hide": false,
              "instant": true,
              "interval": "",
              "legendFormat": "Volumes not protected",
              "refId": "B"
            }
          ],
          "title": "Protected Status",
          "type": "piechart"
        },
        {
          "datasource": {
            "type": "prometheus",
            "uid": "prometheus"
          },
          "description": "Total number of volumes that are protected.",
          "fieldConfig": {
            "defaults": {
              "color": {
                "mode": "thresholds"
              },
              "mappings": [],
              "noValue": "0",
              "thresholds": {
                "mode": "absolute",
                "steps": [
                  {
                    "color": "semi-dark-green"
                  }
                ]
              },
              "unit": "short"
            },
            "overrides": []
          },
          "gridPos": {
            "h": 5,
            "w": 6,
            "x": 6,
            "y": 1
          },
          "id": 75,
          "options": {
            "colorMode": "value",
            "graphMode": "none",
            "justifyMode": "center",
            "orientation": "horizontal",
            "percentChangeColorMode": "standard",
            "reduceOptions": {
              "calcs": [
                "lastNotNull"
              ],
              "fields": "",
              "values": false
            },
            "showPercentChange": false,
            "text": {},
            "textMode": "auto",
            "wideLayout": true
          },
          "pluginVersion": "11.3.0",
          "targets": [
            {
              "datasource": {
                "type": "prometheus",
                "uid": "prometheus"
              },
              "exemplar": false,
              "expr": "count(volume_labels{datacenter=~\"$Datacenter\", cluster=~\"$Cluster\", snapshot_policy!=\"\", snapshot_policy!~\"none.*\", volume!~\"MDV.*\"}  * on (snapshot_policy) group_left () group by (snapshot_policy) (snapshot_policy_total_schedules{})) OR on() vector(0)",
              "format": "time_series",
              "hide": false,
              "instant": true,
              "interval": "",
              "intervalFactor": 1,
              "legendFormat": "",
              "refId": "A"
            }
          ],
          "title": "Volumes protected",
          "type": "stat"
        },
        {
          "datasource": {
            "type": "prometheus",
            "uid": "prometheus"
          },
          "description": "Volumes Breaching Snapshot Copy Reserve Space.",
          "fieldConfig": {
            "defaults": {
              "color": {
                "mode": "palette-classic"
              },
              "custom": {
                "hideFrom": {
                  "legend": false,
                  "tooltip": false,
                  "viz": false
                }
              },
              "decimals": 0,
              "mappings": []
            },
            "overrides": [
              {
                "matcher": {
                  "id": "byName",
                  "options": "Volumes breached"
                },
                "properties": [
                  {
                    "id": "color",
                    "value": {
                      "fixedColor": "super-light-red",
                      "mode": "fixed"
                    }
                  }
                ]
              },
              {
                "matcher": {
                  "id": "byName",
                  "options": "Volumes not breached"
                },
                "properties": [
                  {
                    "id": "color",
                    "value": {
                      "fixedColor": "green",
                      "mode": "fixed"
                    }
                  }
                ]
              }
            ]
          },
          "gridPos": {
            "h": 10,
            "w": 6,
            "x": 12,
            "y": 1
          },
          "id": 13,
          "options": {
            "legend": {
              "displayMode": "list",
              "placement": "right",
              "showLegend": false,
              "values": [
                "value"
              ]
            },
            "pieType": "donut",
            "reduceOptions": {
              "calcs": [
                "last"
              ],
              "fields": "",
              "values": false
            },
            "tooltip": {
              "mode": "single",
              "sort": "none"
            }
          },
          "pluginVersion": "11.3.0",
          "targets": [
            {
              "datasource": {
                "type": "prometheus",
                "uid": "prometheus"
              },
              "exemplar": false,
              "expr": "count(volume_labels{datacenter=~\"$Datacenter\", cluster=~\"$Cluster\",snapshot_policy!=\"\", snapshot_policy!~\"none.*\"}  * on (snapshot_policy) group_left () group by (snapshot_policy) (snapshot_policy_total_schedules{}) * on (volume, svm, cluster) group_right() ( volume_snapshot_reserve_size{datacenter=~\"$Datacenter\", cluster=~\"$Cluster\"} >= 0 and volume_snapshots_size_used{datacenter=~\"$Datacenter\", cluster=~\"$Cluster\"} >= 0 and volume_snapshots_size_used{datacenter=~\"$Datacenter\", cluster=~\"$Cluster\"} > volume_snapshot_reserve_size{datacenter=~\"$Datacenter\", cluster=~\"$Cluster\"})) OR on() vector(0)",
              "instant": true,
              "interval": "",
              "legendFormat": "Volumes breached",
              "refId": "A"
            },
            {
              "datasource": {
                "type": "prometheus",
                "uid": "prometheus"
              },
              "exemplar": false,
              "expr": "(count((volume_labels{datacenter=~\"$Datacenter\", cluster=~\"$Cluster\",snapshot_policy!=\"\", snapshot_policy!~\"none.*\"}  * on (snapshot_policy) group_left () group by (snapshot_policy) (snapshot_policy_total_schedules{})) * on (volume, svm, cluster) group_right() (volume_snapshot_reserve_size{datacenter=~\"$Datacenter\", cluster=~\"$Cluster\"} >= 0 and volume_snapshots_size_used{datacenter=~\"$Datacenter\", cluster=~\"$Cluster\"} >= 0 and volume_snapshots_size_used{datacenter=~\"$Datacenter\", cluster=~\"$Cluster\"} <= volume_snapshot_reserve_size{datacenter=~\"$Datacenter\", cluster=~\"$Cluster\"})) OR on() vector(0)) + (count(volume_labels{datacenter=~\"$Datacenter\", cluster=~\"$Cluster\",snapshot_policy!=\"\", snapshot_policy!~\"none.*\"}  * on (snapshot_policy) group_left () group by (snapshot_policy) (snapshot_policy_total_schedules{}) * on (volume, svm, cluster) group_right() ( volume_snapshot_reserve_size{datacenter=~\"$Datacenter\", cluster=~\"$Cluster\"} >= 0 and volume_snapshots_size_used{datacenter=~\"$Datacenter\", cluster=~\"$Cluster\"} == 0)) OR on() vector(0))",
              "instant": true,
              "interval": "",
              "legendFormat": "Volumes not breached",
              "refId": "B"
            }
          ],
          "title": "Breached Status",
          "type": "piechart"
        },
        {
          "datasource": {
            "type": "prometheus",
            "uid": "prometheus"
          },
          "description": "Total number of volumes whose snapshot size used is breached the snapshot reserve size.",
          "fieldConfig": {
            "defaults": {
              "color": {
                "mode": "thresholds"
              },
              "mappings": [],
              "noValue": "0",
              "thresholds": {
                "mode": "absolute",
                "steps": [
                  {
                    "color": "light-red"
                  }
                ]
              },
              "unit": "short"
            },
            "overrides": []
          },
          "gridPos": {
            "h": 5,
            "w": 6,
            "x": 18,
            "y": 1
          },
          "id": 77,
          "options": {
            "colorMode": "value",
            "graphMode": "none",
            "justifyMode": "center",
            "orientation": "horizontal",
            "percentChangeColorMode": "standard",
            "reduceOptions": {
              "calcs": [
                "lastNotNull"
              ],
              "fields": "",
              "values": false
            },
            "showPercentChange": false,
            "text": {},
            "textMode": "auto",
            "wideLayout": true
          },
          "pluginVersion": "11.3.0",
          "targets": [
            {
              "datasource": {
                "type": "prometheus",
                "uid": "prometheus"
              },
              "exemplar": false,
              "expr": "count(volume_labels{datacenter=~\"$Datacenter\", cluster=~\"$Cluster\", snapshot_policy!=\"\", snapshot_policy!~\"none.*\"}  * on (snapshot_policy) group_left () group by (snapshot_policy) (snapshot_policy_total_schedules{}) * on (volume, svm, cluster) group_right() ( volume_snapshot_reserve_size{datacenter=~\"$Datacenter\", cluster=~\"$Cluster\"} >= 0 and volume_snapshots_size_used{datacenter=~\"$Datacenter\", cluster=~\"$Cluster\"} >= 0 and volume_snapshots_size_used{datacenter=~\"$Datacenter\", cluster=~\"$Cluster\"} > volume_snapshot_reserve_size{datacenter=~\"$Datacenter\", cluster=~\"$Cluster\"})) OR on() vector(0)",
              "format": "time_series",
              "hide": false,
              "instant": true,
              "interval": "",
              "intervalFactor": 1,
              "legendFormat": "",
              "refId": "A"
            }
          ],
          "title": "Volumes breached",
          "type": "stat"
        },
        {
          "datasource": {
            "type": "prometheus",
            "uid": "prometheus"
          },
          "description": "Total number of volumes that are not protected.",
          "fieldConfig": {
            "defaults": {
              "color": {
                "mode": "thresholds"
              },
              "mappings": [
                {
                  "options": {
                    "match": "null",
                    "result": {
                      "color": "rgb(21, 118, 171)",
                      "text": "0"
                    }
                  },
                  "type": "special"
                }
              ],
              "noValue": "0",
              "thresholds": {
                "mode": "absolute",
                "steps": [
                  {
                    "color": "dark-yellow"
                  }
                ]
              },
              "unit": "short"
            },
            "overrides": []
          },
          "gridPos": {
            "h": 5,
            "w": 6,
            "x": 6,
            "y": 26
          },
          "id": 79,
          "options": {
            "colorMode": "value",
            "graphMode": "none",
            "justifyMode": "center",
            "orientation": "horizontal",
            "percentChangeColorMode": "standard",
            "reduceOptions": {
              "calcs": [
                "lastNotNull"
              ],
              "fields": "",
              "values": false
            },
            "showPercentChange": false,
            "text": {},
            "textMode": "auto",
            "wideLayout": true
          },
          "pluginVersion": "11.3.0",
          "targets": [
            {
              "datasource": {
                "type": "prometheus",
                "uid": "prometheus"
              },
              "exemplar": false,
              "expr": "count((volume_labels{datacenter=~\"$Datacenter\", cluster=~\"$Cluster\",snapshot_policy=~\"none.*\", volume!~\"MDV.*\"}  * on (snapshot_policy) group_left () group by (snapshot_policy) (snapshot_policy_total_schedules{}))) OR on() vector(0)",
              "format": "time_series",
              "hide": false,
              "instant": true,
              "interval": "",
              "intervalFactor": 1,
              "legendFormat": "",
              "refId": "A"
            }
          ],
          "title": "Volumes not protected",
          "type": "stat"
        },
        {
          "datasource": {
            "type": "prometheus",
            "uid": "prometheus"
          },
          "description": "Total number of volumes whose snapshot size used is not breached the snapshot reserve size.",
          "fieldConfig": {
            "defaults": {
              "color": {
                "mode": "thresholds"
              },
              "mappings": [
                {
                  "options": {
                    "match": "null",
                    "result": {
                      "color": "rgb(21, 118, 171)",
                      "text": "0"
                    }
                  },
                  "type": "special"
                }
              ],
              "noValue": "0",
              "thresholds": {
                "mode": "absolute",
                "steps": [
                  {
                    "color": "semi-dark-green"
                  }
                ]
              },
              "unit": "short"
            },
            "overrides": []
          },
          "gridPos": {
            "h": 5,
            "w": 6,
            "x": 18,
            "y": 26
          },
          "id": 81,
          "options": {
            "colorMode": "value",
            "graphMode": "none",
            "justifyMode": "center",
            "orientation": "horizontal",
            "percentChangeColorMode": "standard",
            "reduceOptions": {
              "calcs": [
                "lastNotNull"
              ],
              "fields": "",
              "values": false
            },
            "showPercentChange": false,
            "text": {},
            "textMode": "auto",
            "wideLayout": true
          },
          "pluginVersion": "11.3.0",
          "targets": [
            {
              "datasource": {
                "type": "prometheus",
                "uid": "prometheus"
              },
              "exemplar": false,
              "expr": "(count((volume_labels{datacenter=~\"$Datacenter\", cluster=~\"$Cluster\", snapshot_policy!=\"\", snapshot_policy!~\"none.*\"}  * on (snapshot_policy) group_left () group by (snapshot_policy) (snapshot_policy_total_schedules{})) * on (volume, svm, cluster) group_right() (volume_snapshot_reserve_size{datacenter=~\"$Datacenter\", cluster=~\"$Cluster\"} > 0 and volume_snapshots_size_used{datacenter=~\"$Datacenter\", cluster=~\"$Cluster\"} > 0 and volume_snapshots_size_used{datacenter=~\"$Datacenter\", cluster=~\"$Cluster\"} <= volume_snapshot_reserve_size{datacenter=~\"$Datacenter\", cluster=~\"$Cluster\"})) OR on() vector(0)) + (count(volume_labels{datacenter=~\"$Datacenter\", cluster=~\"$Cluster\",snapshot_policy!=\"\", snapshot_policy!~\"none.*\"}  * on (snapshot_policy) group_left () group by (snapshot_policy) (snapshot_policy_total_schedules{}) * on (volume, svm, cluster) group_right() ( volume_snapshot_reserve_size{datacenter=~\"$Datacenter\", cluster=~\"$Cluster\"} >= 0 and volume_snapshots_size_used{datacenter=~\"$Datacenter\", cluster=~\"$Cluster\"} == 0)) OR on() vector(0))",
              "format": "time_series",
              "hide": false,
              "instant": true,
              "interval": "",
              "intervalFactor": 1,
              "legendFormat": "",
              "refId": "A"
            }
          ],
          "title": "Volumes not breached",
          "type": "stat"
        },
        {
          "datasource": {
            "type": "prometheus",
            "uid": "prometheus"
          },
          "description": "This panel displays volumes detail with protected status and snapshot policy.",
          "fieldConfig": {
            "defaults": {
              "color": {
                "fixedColor": "transparent",
                "mode": "fixed"
              },
              "custom": {
                "align": "auto",
                "cellOptions": {
                  "type": "auto"
                },
                "filterable": true,
                "inspect": false
              },
              "mappings": [],
              "thresholds": {
                "mode": "absolute",
                "steps": [
                  {
                    "color": "green"
                  }
                ]
              }
            },
            "overrides": [
              {
                "matcher": {
                  "id": "byName",
                  "options": "Status"
                },
                "properties": [
                  {
                    "id": "custom.filterable",
                    "value": true
                  },
                  {
                    "id": "custom.width",
                    "value": 150
                  }
                ]
              },
              {
                "matcher": {
                  "id": "byName",
                  "options": "volume"
                },
                "properties": [
                  {
                    "id": "displayName",
                    "value": "Volume"
                  },
                  {
                    "id": "custom.width",
                    "value": 350
                  },
                  {
                    "id": "links",
                    "value": [
                      {
                        "targetBlank": true,
                        "title": "",
                        "url": "/d/cdot-volume/ontap-volume?orgId=1&${Datacenter:queryparam}&${Cluster:queryparam}&${__url_time_range}&var-Volume=${__value.raw}"
                      }
                    ]
                  }
                ]
              },
              {
                "matcher": {
                  "id": "byName",
                  "options": "snapshot_policy"
                },
                "properties": [
                  {
                    "id": "displayName",
                    "value": "Snapshot Policy"
                  },
                  {
                    "id": "custom.width",
                    "value": 220
                  }
                ]
              },
              {
                "matcher": {
                  "id": "byName",
                  "options": "svm"
                },
                "properties": [
                  {
                    "id": "displayName",
                    "value": "SVM"
                  },
                  {
                    "id": "custom.width",
                    "value": 250
                  },
                  {
                    "id": "links",
                    "value": [
                      {
                        "targetBlank": true,
                        "title": "",
                        "url": "/d/cdot-svm/ontap-svm?orgId=1&${Datacenter:queryparam}&${Cluster:queryparam}&${__url_time_range}&var-SVM=${__value.raw}"
                      }
                    ]
                  }
                ]
              }
            ]
          },
          "gridPos": {
            "h": 13,
            "w": 12,
            "x": 0,
            "y": 31
          },
          "id": 83,
          "options": {
            "cellHeight": "sm",
            "footer": {
              "countRows": false,
              "fields": "",
              "reducer": [
                "sum"
              ],
              "show": false
            },
            "showHeader": true,
            "sortBy": []
          },
          "pluginVersion": "11.3.0",
          "targets": [
            {
              "datasource": {
                "type": "prometheus",
                "uid": "prometheus"
              },
              "exemplar": false,
              "expr": "label_replace(label_replace(volume_labels{datacenter=~\"$Datacenter\", cluster=~\"$Cluster\", snapshot_policy!=\"\", volume!~\"MDV.*\"}, \"Status\", \"Protected\", \"snapshot_policy\", \"(.*)\") , \"Status\", \"Unprotected\", \"snapshot_policy\", \"(none.*)\") * on (snapshot_policy) group_left () group by (snapshot_policy) (snapshot_policy_total_schedules{})",
              "format": "table",
              "instant": true,
              "interval": "",
              "legendFormat": "",
              "refId": "A"
            }
          ],
          "title": "Volumes Protected With Snapshot Copies (local)",
          "transformations": [
            {
              "id": "filterFieldsByName",
              "options": {
                "include": {
                  "names": [
                    "snapshot_policy",
                    "volume",
                    "Status",
                    "svm"
                  ]
                }
              }
            },
            {
              "id": "organize",
              "options": {
                "indexByName": {
                  "Status": 3,
                  "snapshot_policy": 2,
                  "svm": 1,
                  "volume": 0
                }
              }
            }
          ],
          "type": "table"
        },
        {
          "datasource": {
            "type": "prometheus",
            "uid": "prometheus"
          },
          "description": "Volumes details of snapshot copy reserve space.",
          "fieldConfig": {
            "defaults": {
              "custom": {
                "align": "left",
                "cellOptions": {
                  "type": "auto"
                },
                "filterable": true,
                "inspect": false
              },
              "mappings": [],
              "thresholds": {
                "mode": "absolute",
                "steps": [
                  {
                    "color": "rgb(31, 176, 196)"
                  }
                ]
              },
              "unit": "none"
            },
            "overrides": [
              {
                "matcher": {
                  "id": "byName",
                  "options": "volume"
                },
                "properties": [
                  {
                    "id": "custom.width",
                    "value": 320
                  },
                  {
                    "id": "displayName",
                    "value": "Volume"
                  },
                  {
                    "id": "links",
                    "value": [
                      {
                        "targetBlank": true,
                        "title": "",
                        "url": "/d/cdot-volume/ontap-volume?orgId=1&${Datacenter:queryparam}&${Cluster:queryparam}&${__url_time_range}&var-Volume=${__value.raw}"
                      }
                    ]
                  }
                ]
              },
              {
                "matcher": {
                  "id": "byName",
                  "options": "Value #B"
                },
                "properties": [
                  {
                    "id": "displayName",
                    "value": "Used"
                  },
                  {
                    "id": "unit",
                    "value": "bytes"
                  },
                  {
                    "id": "custom.width",
                    "value": 130
                  }
                ]
              },
              {
                "matcher": {
                  "id": "byName",
                  "options": "Value #A"
                },
                "properties": [
                  {
                    "id": "displayName",
                    "value": "Reserved"
                  },
                  {
                    "id": "unit",
                    "value": "bytes"
                  },
                  {
                    "id": "custom.width",
                    "value": 130
                  }
                ]
              },
              {
                "matcher": {
                  "id": "byName",
                  "options": "Status"
                },
                "properties": [
                  {
                    "id": "mappings",
                    "value": [
                      {
                        "options": {
                          "from": -1e+25,
                          "result": {
                            "index": 0,
                            "text": "Not Breached"
                          },
                          "to": 0
                        },
                        "type": "range"
                      },
                      {
                        "options": {
                          "from": 0,
                          "result": {
                            "index": 1,
                            "text": "Breached"
                          },
                          "to": 1e+25
                        },
                        "type": "range"
                      }
                    ]
                  },
                  {
                    "id": "custom.filterable",
                    "value": true
                  },
                  {
                    "id": "custom.width",
                    "value": 150
                  }
                ]
              },
              {
                "matcher": {
                  "id": "byName",
                  "options": "svm"
                },
                "properties": [
                  {
                    "id": "displayName",
                    "value": "SVM"
                  },
                  {
                    "id": "custom.width",
                    "value": 240
                  },
                  {
                    "id": "links",
                    "value": [
                      {
                        "targetBlank": true,
                        "title": "",
                        "url": "/d/cdot-svm/ontap-svm?orgId=1&${Datacenter:queryparam}&${Cluster:queryparam}&${__url_time_range}&var-SVM=${__value.raw}"
                      }
                    ]
                  }
                ]
              }
            ]
          },
          "gridPos": {
            "h": 13,
            "w": 12,
            "x": 12,
            "y": 31
          },
          "id": 91,
          "interval": "1m",
          "maxDataPoints": 2,
          "options": {
            "cellHeight": "sm",
            "footer": {
              "countRows": false,
              "fields": "",
              "reducer": [
                "sum"
              ],
              "show": false
            },
            "showHeader": true,
            "sortBy": []
          },
          "pluginVersion": "11.3.0",
          "targets": [
            {
              "datasource": {
                "type": "prometheus",
                "uid": "prometheus"
              },
              "exemplar": false,
              "expr": "volume_labels{datacenter=~\"$Datacenter\", cluster=~\"$Cluster\", snapshot_policy!=\"\", snapshot_policy!~\"none.*\"}  * on (snapshot_policy) group_left () group by (snapshot_policy) (snapshot_policy_total_schedules{}) * on (volume, svm, cluster) group_right() ( volume_snapshot_reserve_size{datacenter=~\"$Datacenter\", cluster=~\"$Cluster\"} >= 0 and volume_snapshots_size_used{datacenter=~\"$Datacenter\", cluster=~\"$Cluster\"} >= 0)",
              "format": "table",
              "hide": false,
              "instant": true,
              "interval": "",
              "intervalFactor": 1,
              "legendFormat": "",
              "refId": "A"
            },
            {
              "datasource": {
                "type": "prometheus",
                "uid": "prometheus"
              },
              "exemplar": false,
              "expr": "volume_snapshots_size_used{datacenter=~\"$Datacenter\", cluster=~\"$Cluster\"}",
              "format": "table",
              "hide": false,
              "instant": true,
              "interval": "",
              "legendFormat": "",
              "refId": "B"
            }
          ],
          "title": "Volumes Breaching Snapshot Copy Reserve Space",
          "transformations": [
            {
              "id": "merge",
              "options": {}
            },
            {
              "id": "filterByValue",
              "options": {
                "filters": [
                  {
                    "config": {
                      "id": "greaterOrEqual",
                      "options": {
                        "value": 0
                      }
                    },
                    "fieldName": "Value #A"
                  }
                ],
                "match": "all",
                "type": "include"
              }
            },
            {
              "id": "filterFieldsByName",
              "options": {
                "include": {
                  "names": [
                    "volume",
                    "Value #A",
                    "Value #B",
                    "svm"
                  ]
                }
              }
            },
            {
              "id": "calculateField",
              "options": {
                "alias": "Status",
                "binary": {
                  "left": "Value #B",
                  "operator": "-",
                  "reducer": "sum",
                  "right": "Value #A"
                },
                "mode": "binary",
                "reduce": {
                  "include": [
                    "Value #A",
                    "Value #B"
                  ],
                  "reducer": "sum"
                }
              }
            },
            {
              "id": "organize",
              "options": {
                "excludeByName": {},
                "indexByName": {
                  "Status": 4,
                  "Value #A": 2,
                  "Value #B": 3,
                  "svm": 1,
                  "volume": 0
                },
                "renameByName": {}
              }
            }
          ],
          "type": "table"
        }
      ],
      "title": "Snapshot Copies Overview",
      "type": "row"
    },
    {
      "collapsed": true,
      "gridPos": {
        "h": 1,
        "w": 24,
        "x": 0,
        "y": 1
      },
      "id": 22,
      "panels": [
        {
          "datasource": {
            "type": "prometheus",
            "uid": "prometheus"
          },
          "description": "Total number of volumes whose snapshot count is < 10.",
          "fieldConfig": {
            "defaults": {
              "color": {
                "mode": "thresholds"
              },
              "mappings": [],
              "noValue": "0",
              "thresholds": {
                "mode": "absolute",
                "steps": [
                  {
                    "color": "rgb(31, 176, 196)"
                  }
                ]
              },
              "unit": "short"
            },
            "overrides": []
          },
          "gridPos": {
            "h": 5,
            "w": 6,
            "x": 0,
            "y": 2
          },
          "id": 96,
          "options": {
            "colorMode": "value",
            "graphMode": "none",
            "justifyMode": "center",
            "orientation": "horizontal",
            "percentChangeColorMode": "standard",
            "reduceOptions": {
              "calcs": [
                "lastNotNull"
              ],
              "fields": "",
              "values": false
            },
            "showPercentChange": false,
            "text": {},
            "textMode": "auto",
            "wideLayout": true
          },
          "pluginVersion": "11.3.0",
          "targets": [
            {
              "datasource": {
                "type": "prometheus",
                "uid": "prometheus"
              },
              "exemplar": false,
              "expr": "count((volume_labels{datacenter=~\"$Datacenter\",cluster=~\"$Cluster\",snapshot_policy!=\"\", snapshot_policy!~\"none.*\", volume!~\"MDV.*\"}  * on (snapshot_policy) group_left () group by (snapshot_policy) (snapshot_policy_total_schedules{datacenter=~\"$Datacenter\",cluster=~\"$Cluster\"})) * on (volume,svm,cluster) (volume_snapshot_count{datacenter=~\"$Datacenter\",cluster=~\"$Cluster\"} > 0 and volume_snapshot_count{datacenter=~\"$Datacenter\",cluster=~\"$Cluster\"} < 10)) OR on() vector(0)",
              "format": "time_series",
              "hide": false,
              "instant": true,
              "interval": "",
              "intervalFactor": 1,
              "legendFormat": "",
              "refId": "A"
            }
          ],
          "title": " <10 Copies ",
          "type": "stat"
        },
        {
          "datasource": {
            "type": "prometheus",
            "uid": "prometheus"
          },
          "description": "Total number of volumes whose snapshot count is between 10 to 100.",
          "fieldConfig": {
            "defaults": {
              "color": {
                "mode": "thresholds"
              },
              "mappings": [],
              "noValue": "0",
              "thresholds": {
                "mode": "absolute",
                "steps": [
                  {
                    "color": "rgb(31, 176, 196)"
                  }
                ]
              },
              "unit": "short"
            },
            "overrides": []
          },
          "gridPos": {
            "h": 5,
            "w": 6,
            "x": 6,
            "y": 2
          },
          "id": 97,
          "options": {
            "colorMode": "value",
            "graphMode": "none",
            "justifyMode": "center",
            "orientation": "horizontal",
            "percentChangeColorMode": "standard",
            "reduceOptions": {
              "calcs": [
                "lastNotNull"
              ],
              "fields": "",
              "values": false
            },
            "showPercentChange": false,
            "text": {},
            "textMode": "auto",
            "wideLayout": true
          },
          "pluginVersion": "11.3.0",
          "targets": [
            {
              "datasource": {
                "type": "prometheus",
                "uid": "prometheus"
              },
              "exemplar": false,
              "expr": "count((volume_labels{datacenter=~\"$Datacenter\",cluster=~\"$Cluster\",snapshot_policy!=\"\", snapshot_policy!~\"none.*\", volume!~\"MDV.*\"}  * on (snapshot_policy) group_left () group by (snapshot_policy) (snapshot_policy_total_schedules{datacenter=~\"$Datacenter\",cluster=~\"$Cluster\"})) * on (volume,svm,cluster) (volume_snapshot_count{datacenter=~\"$Datacenter\",cluster=~\"$Cluster\"} >= 10 and volume_snapshot_count{datacenter=~\"$Datacenter\",cluster=~\"$Cluster\"} <= 100)) OR on() vector(0)",
              "format": "time_series",
              "hide": false,
              "instant": true,
              "interval": "",
              "intervalFactor": 1,
              "legendFormat": "",
              "refId": "A"
            }
          ],
          "title": "10-100 Copies",
          "type": "stat"
        },
        {
          "datasource": {
            "type": "prometheus",
            "uid": "prometheus"
          },
          "description": "Total number of volumes whose snapshot count is between 101 to 500.",
          "fieldConfig": {
            "defaults": {
              "color": {
                "mode": "thresholds"
              },
              "mappings": [],
              "noValue": "0",
              "thresholds": {
                "mode": "absolute",
                "steps": [
                  {
                    "color": "rgb(31, 176, 196)"
                  }
                ]
              },
              "unit": "short"
            },
            "overrides": []
          },
          "gridPos": {
            "h": 5,
            "w": 6,
            "x": 12,
            "y": 2
          },
          "id": 98,
          "options": {
            "colorMode": "value",
            "graphMode": "none",
            "justifyMode": "center",
            "orientation": "horizontal",
            "percentChangeColorMode": "standard",
            "reduceOptions": {
              "calcs": [
                "lastNotNull"
              ],
              "fields": "",
              "values": false
            },
            "showPercentChange": false,
            "text": {},
            "textMode": "auto",
            "wideLayout": true
          },
          "pluginVersion": "11.3.0",
          "targets": [
            {
              "datasource": {
                "type": "prometheus",
                "uid": "prometheus"
              },
              "exemplar": false,
              "expr": "count((volume_labels{datacenter=~\"$Datacenter\",cluster=~\"$Cluster\",snapshot_policy!=\"\", snapshot_policy!~\"none.*\", volume!~\"MDV.*\"}  * on (snapshot_policy) group_left () group by (snapshot_policy) (snapshot_policy_total_schedules{datacenter=~\"$Datacenter\",cluster=~\"$Cluster\"})) * on (volume,svm,cluster) (volume_snapshot_count{datacenter=~\"$Datacenter\",cluster=~\"$Cluster\"} > 100 and volume_snapshot_count{datacenter=~\"$Datacenter\",cluster=~\"$Cluster\"} <= 500)) OR on() vector(0)",
              "format": "time_series",
              "hide": false,
              "instant": true,
              "interval": "",
              "intervalFactor": 1,
              "legendFormat": "",
              "refId": "A"
            }
          ],
          "title": "101-500 Copies",
          "type": "stat"
        },
        {
          "datasource": {
            "type": "prometheus",
            "uid": "prometheus"
          },
          "description": "Total number of volumes whose snapshot count is > 500.",
          "fieldConfig": {
            "defaults": {
              "color": {
                "mode": "thresholds"
              },
              "mappings": [],
              "noValue": "0",
              "thresholds": {
                "mode": "absolute",
                "steps": [
                  {
                    "color": "rgb(31, 176, 196)"
                  }
                ]
              },
              "unit": "short"
            },
            "overrides": []
          },
          "gridPos": {
            "h": 5,
            "w": 6,
            "x": 18,
            "y": 2
          },
          "id": 99,
          "options": {
            "colorMode": "value",
            "graphMode": "none",
            "justifyMode": "center",
            "orientation": "horizontal",
            "percentChangeColorMode": "standard",
            "reduceOptions": {
              "calcs": [
                "lastNotNull"
              ],
              "fields": "",
              "values": false
            },
            "showPercentChange": false,
            "text": {},
            "textMode": "auto",
            "wideLayout": true
          },
          "pluginVersion": "11.3.0",
          "targets": [
            {
              "datasource": {
                "type": "prometheus",
                "uid": "prometheus"
              },
              "exemplar": false,
              "expr": "count((volume_labels{datacenter=~\"$Datacenter\",cluster=~\"$Cluster\",snapshot_policy!=\"\", snapshot_policy!~\"none.*\", volume!~\"MDV.*\"}  * on (snapshot_policy) group_left () group by (snapshot_policy) (snapshot_policy_total_schedules{datacenter=~\"$Datacenter\",cluster=~\"$Cluster\"})) * on (volume,svm,cluster) (volume_snapshot_count{datacenter=~\"$Datacenter\",cluster=~\"$Cluster\"} > 500)) OR on() vector(0)",
              "format": "time_series",
              "hide": false,
              "instant": true,
              "interval": "",
              "intervalFactor": 1,
              "legendFormat": "",
              "refId": "A"
            }
          ],
          "title": ">500 Copies",
          "type": "stat"
        },
        {
          "datasource": {
            "type": "prometheus",
            "uid": "prometheus"
          },
          "description": "This panel displays volumes detail with snapshot count.",
          "fieldConfig": {
            "defaults": {
              "color": {
                "fixedColor": "transparent",
                "mode": "fixed"
              },
              "custom": {
                "align": "left",
                "cellOptions": {
                  "type": "auto"
                },
                "filterable": true,
                "inspect": false
              },
              "mappings": [],
              "thresholds": {
                "mode": "absolute",
                "steps": [
                  {
                    "color": "green"
                  }
                ]
              }
            },
            "overrides": [
              {
                "matcher": {
                  "id": "byName",
                  "options": "Bucket"
                },
                "properties": [
                  {
                    "id": "custom.filterable",
                    "value": true
                  },
                  {
                    "id": "mappings",
                    "value": [
                      {
                        "options": {
                          "from": 0,
                          "result": {
                            "index": 0,
                            "text": "< 10 Copies"
                          },
                          "to": 9
                        },
                        "type": "range"
                      },
                      {
                        "options": {
                          "from": 10,
                          "result": {
                            "index": 1,
                            "text": "10-100 Copies"
                          },
                          "to": 100
                        },
                        "type": "range"
                      },
                      {
                        "options": {
                          "from": 101,
                          "result": {
                            "index": 2,
                            "text": "101-500 Copies"
                          },
                          "to": 500
                        },
                        "type": "range"
                      },
                      {
                        "options": {
                          "from": 501,
                          "result": {
                            "index": 3,
                            "text": "> 500 Copies"
                          },
                          "to": 1e+24
                        },
                        "type": "range"
                      }
                    ]
                  },
                  {
                    "id": "custom.width",
                    "value": 290
                  },
                  {
                    "id": "displayName",
                    "value": "Snapshot Copies Bucket"
                  }
                ]
              },
              {
                "matcher": {
                  "id": "byName",
                  "options": "volume"
                },
                "properties": [
                  {
                    "id": "displayName",
                    "value": "Volume"
                  },
                  {
                    "id": "custom.width",
                    "value": 500
                  },
                  {
                    "id": "links",
                    "value": [
                      {
                        "targetBlank": true,
                        "title": "",
                        "url": "/d/cdot-volume/ontap-volume?orgId=1&${Datacenter:queryparam}&${Cluster:queryparam}&${__url_time_range}&var-Volume=${__value.raw}"
                      }
                    ]
                  }
                ]
              },
              {
                "matcher": {
                  "id": "byName",
                  "options": "svm"
                },
                "properties": [
                  {
                    "id": "displayName",
                    "value": "SVM"
                  },
                  {
                    "id": "custom.width",
                    "value": 500
                  },
                  {
                    "id": "links",
                    "value": [
                      {
                        "targetBlank": true,
                        "title": "",
                        "url": "/d/cdot-svm/ontap-svm?orgId=1&${Datacenter:queryparam}&${Cluster:queryparam}&${__url_time_range}&var-SVM=${__value.raw}"
                      }
                    ]
                  }
                ]
              },
              {
                "matcher": {
                  "id": "byName",
                  "options": "Snapshot Copies"
                },
                "properties": [
                  {
                    "id": "custom.width",
                    "value": 260
                  }
                ]
              },
              {
                "matcher": {
                  "id": "byName",
                  "options": "cluster"
                },
                "properties": [
                  {
                    "id": "displayName",
                    "value": "Cluster"
                  },
                  {
                    "id": "custom.width",
                    "value": 400
                  },
                  {
                    "id": "links",
                    "value": [
                      {
                        "targetBlank": true,
                        "title": "",
                        "url": "/d/cdot-cluster/ontap-cluster?orgId=1&${Datacenter:queryparam}&${__url_time_range}&var-Cluster=${__value.raw}"
                      }
                    ]
                  }
                ]
              }
            ]
          },
          "gridPos": {
            "h": 15,
            "w": 24,
            "x": 0,
            "y": 7
          },
          "id": 94,
          "options": {
            "cellHeight": "sm",
            "footer": {
              "countRows": false,
              "fields": "",
              "reducer": [
                "sum"
              ],
              "show": false
            },
            "showHeader": true,
            "sortBy": []
          },
          "pluginVersion": "11.3.0",
          "targets": [
            {
              "datasource": {
                "type": "prometheus",
                "uid": "prometheus"
              },
              "exemplar": false,
              "expr": "(volume_labels{datacenter=~\"$Datacenter\",cluster=~\"$Cluster\",snapshot_policy!=\"\", snapshot_policy!~\"none.*\", volume!~\"MDV.*\"}  * on (snapshot_policy) group_left () group by (snapshot_policy) (snapshot_policy_total_schedules{datacenter=~\"$Datacenter\",cluster=~\"$Cluster\"})) * on (volume,svm,cluster) (volume_snapshot_count{datacenter=~\"$Datacenter\",cluster=~\"$Cluster\"} > 0)",
              "format": "table",
              "instant": true,
              "interval": "",
              "legendFormat": "",
              "refId": "A"
            }
          ],
          "title": "Volume count by the number of Snapshot copies",
          "transformations": [
            {
              "id": "filterFieldsByName",
              "options": {
                "include": {
                  "names": [
                    "svm",
                    "volume",
                    "Value",
                    "cluster"
                  ]
                }
              }
            },
            {
              "id": "organize",
              "options": {
                "excludeByName": {},
                "indexByName": {
                  "Value": 3,
                  "cluster": 2,
                  "svm": 1,
                  "volume": 0
                },
                "renameByName": {
                  "Value": "Snapshot Copies",
                  "volume": ""
                }
              }
            },
            {
              "id": "calculateField",
              "options": {
                "alias": "Bucket",
                "mode": "reduceRow",
                "reduce": {
                  "include": [
                    "Snapshot Copies"
                  ],
                  "reducer": "last"
                }
              }
            }
          ],
          "type": "table"
        }
      ],
      "title": "Snapshot Copies Analysis",
      "type": "row"
    }
  ],
  "refresh": "",
  "schemaVersion": 34,
  "style": "dark",
  "tags": [],
  "templating": {
    "list": [
      {
        "current": {
          "selected": false,
          "text": "prometheus",
          "value": "prometheus"
        },
        "hide": 2,
        "includeAll": false,
        "label": "Data Source",
        "multi": false,
        "name": "DS_PROMETHEUS",
        "options": [],
        "query": "prometheus",
        "refresh": 1,
        "regex": "",
        "skipUrlSync": false,
        "type": "datasource"
      },
      {
        "current": {
          "selected": false,
          "text": "fsx",
          "value": "fsx"
        },
        "datasource": {
          "type": "prometheus",
          "uid": "prometheus"
        },
        "definition": "label_values(cluster_new_status{system_type!=\"7mode\"},datacenter)",
        "hide": 0,
        "includeAll": false,
        "multi": true,
        "name": "Datacenter",
        "options": [],
        "query": {
          "query": "label_values(cluster_new_status{system_type!=\"7mode\"},datacenter)",
          "refId": "StandardVariableQuery"
        },
        "refresh": 2,
        "regex": "",
        "skipUrlSync": false,
        "sort": 1,
        "type": "query"
      },
      {
        "allValue": ".*",
        "current": {
          "selected": true,
          "text": [
            "All"
          ],
          "value": [
            "$__all"
          ]
        },
        "datasource": {
          "type": "prometheus",
          "uid": "prometheus"
        },
        "definition": "label_values(cluster_new_status{system_type!=\"7mode\",datacenter=~\"$Datacenter\"},cluster)",
        "hide": 0,
        "includeAll": true,
        "multi": true,
        "name": "Cluster",
        "options": [],
        "query": {
          "query": "label_values(cluster_new_status{system_type!=\"7mode\",datacenter=~\"$Datacenter\"},cluster)",
          "refId": "StandardVariableQuery"
        },
        "refresh": 2,
        "regex": "",
        "skipUrlSync": false,
        "sort": 1,
        "type": "query"
      }
    ]
  },
  "time": {
    "from": "now-3h",
    "to": "now"
  },
  "timepicker": {
    "refresh_intervals": [
      "10s",
      "30s",
      "1m",
      "5m",
      "15m",
      "30m",
      "1h",
      "2h",
      "1d"
    ]
  },
  "timezone": "",
  "title": "FSxN: Data Protection",
  "uid": "cdot-data-protection-snapshots",
  "version": 1,
  "weekStart": ""
}